Colorado Avalanche - Nashville Predators,1:6,2.89,4,2.29,08.04.2012
Columbus Blue Jackets - New York Islanders,7:3,2.35,4,2.8,08.04.2012
Dallas Stars - St.Louis Blues,2:3,3.2,4,2.29,08.04.2012
Florida Panthers - Carolina Hurricanes,4:1,2,4.2,3.5,08.04.2012
Minnesota Wild - Arizona Coyotes,1:4,3.1,4,2.25,08.04.2012
Montreal Canadiens - Toronto Maple Leafs,4:1,2.35,4,2.75,08.04.2012
New York Rangers - Washington Capitals,1:4,2.04,4.05,3.45,08.04.2012
San Jose Sharks - Los Angeles Kings,3:2 ET,2.2,4,3.1,08.04.2012
Vancouver Canucks - Edmonton Oilers,3:0,1.7,4.5,4.5,08.04.2012
Winnipeg Jets - Tampa Bay Lightning,3:4 ET,2.15,4.15,3.1,08.04.2012
Boston Bruins - Buffalo Sabres,4:3 pen.,2.04,4.09,3.7,07.04.2012
Calgary Flames - Anaheim Ducks,5:2,2.29,4,2.85,07.04.2012
Detroit Red Wings - Chicago Blackhawks,2:3 pen.,2.04,4.2,3.5,07.04.2012
New Jersey Devils - Ottawa Senators,4:2,2.25,4,3,07.04.2012
Pittsburgh Penguins - Philadelphia Flyers,4:2,2.1,4.09,3.39,07.04.2012
St.Louis Blues - Arizona Coyotes,1:4,2.04,4.09,3.65,07.04.2012
Calgary Flames - Vancouver Canucks,3:2,3.2,4,2.15,06.04.2012
Carolina Hurricanes - Montreal Canadiens,2:1 pen.,2,4.09,3.4,06.04.2012
Colorado Avalanche - Columbus Blue Jackets,2:5,1.87,4.4,3.8,06.04.2012
Detroit Red Wings - New Jersey Devils,1:2,2.04,4.09,3.5,06.04.2012
Edmonton Oilers - Anaheim Ducks,2:3 ET,2.45,4,2.65,06.04.2012
Los Angeles Kings - San Jose Sharks,5:6 pen.,2.35,4,2.8,06.04.2012
Minnesota Wild - Chicago Blackhawks,2:1 pen.,3.2,4,2.13,06.04.2012
Nashville Predators - Dallas Stars,2:0,2.15,4.09,3.3,06.04.2012
New York Islanders - Winnipeg Jets,5:4,2.35,4,2.8,06.04.2012
Ottawa Senators - Boston Bruins,1:3,2.29,4,2.9,06.04.2012
Philadelphia Flyers - Buffalo Sabres,2:1,2.25,4,3,06.04.2012
Pittsburgh Penguins - New York Rangers,5:2,2,4.15,3.6,06.04.2012
Toronto Maple Leafs - Tampa Bay Lightning,3:2 ET,2.25,4.09,2.9,06.04.2012
Washington Capitals - Florida Panthers,4:2,2.15,4,3.3,06.04.2012
Montreal Canadiens - Tampa Bay Lightning,5:2,2.5,3.95,2.6,05.04.2012
St.Louis Blues - Detroit Red Wings,2:3 pen.,2.15,4,3.1,05.04.2012
Arizona Coyotes - Columbus Blue Jackets,2:0,1.74,4.5,4.3,04.04.2012
Boston Bruins - Pittsburgh Penguins,3:5,2.65,4,2.45,04.04.2012
Buffalo Sabres - Toronto Maple Leafs,6:5 ET,1.76,4.5,4.34,04.04.2012
Dallas Stars - San Jose Sharks,2:5,2.75,4.33,2.5,04.04.2012
Florida Panthers - Winnipeg Jets,4:5 ET,2.04,4.09,3.35,04.04.2012
Nashville Predators - Minnesota Wild,2:1 pen.,1.72,4.5,4.5,04.04.2012
New Jersey Devils - New York Islanders,3:1,1.83,4.33,3.95,04.04.2012
Ottawa Senators - Carolina Hurricanes,1:2,2.04,4.05,3.3,04.04.2012
Philadelphia Flyers - New York Rangers,3:5,2.54,4,2.7,04.04.2012
Vancouver Canucks - Anaheim Ducks,5:4 pen.,1.95,4.4,3.8,04.04.2012
Los Angeles Kings - Edmonton Oilers,2:0,1.67,4.75,5.25,03.04.2012
Tampa Bay Lightning - Washington Capitals,4:2,3.1,4,2.2,03.04.2012
Anaheim Ducks - Edmonton Oilers,1:2,2.04,4,3.3,02.04.2012
Chicago Blackhawks - Minnesota Wild,4:5 pen.,1.71,4.5,4.25,02.04.2012
New York Rangers - Boston Bruins,1:2,2.25,4,3.1,02.04.2012
Arizona Coyotes - Anaheim Ducks,4:0,2.1,4.09,3.39,01.04.2012
Carolina Hurricanes - New Jersey Devils,0:5,2.89,4,2.29,01.04.2012
Detroit Red Wings - Florida Panthers,2:1 pen.,1.87,4.25,3.6,01.04.2012
Minnesota Wild - Los Angeles Kings,4:3 pen.,3.3,4,2.1,01.04.2012
Nashville Predators - Chicago Blackhawks,4:5,2.29,4.5,3,01.04.2012
New York Islanders - Ottawa Senators,1:5,2.9,4,2.5,01.04.2012
Pittsburgh Penguins - Philadelphia Flyers,4:6,1.93,4.33,3.9,01.04.2012
San Jose Sharks - Dallas Stars,3:0,2,4.09,3.5,01.04.2012
St.Louis Blues - Columbus Blue Jackets,2:5,1.53,5,6,01.04.2012
Tampa Bay Lightning - Winnipeg Jets,3:2 ET,2.35,4,2.8,01.04.2012
Toronto Maple Leafs - Buffalo Sabres,4:3,3.3,4,2.04,01.04.2012
Vancouver Canucks - Calgary Flames,3:2 ET,1.9,4.5,3.79,01.04.2012
Washington Capitals - Montreal Canadiens,3:2 pen.,1.75,4.5,4.5,01.04.2012
Buffalo Sabres - Pittsburgh Penguins,3:5,2.75,4,2.4,31.03.2012
Calgary Flames - Colorado Avalanche,1:4,2.35,4,2.8,31.03.2012
Carolina Hurricanes - Winnipeg Jets,3:4 ET,2.2,4,3.1,31.03.2012
Columbus Blue Jackets - Florida Panthers,4:1,3,4,2.2,31.03.2012
Detroit Red Wings - Nashville Predators,1:4,2.15,4.09,3.3,31.03.2012
Edmonton Oilers - Los Angeles Kings,1:4,3.15,4,2.2,31.03.2012
New York Islanders - Boston Bruins,3:6,3.25,4,2.1,31.03.2012
New York Rangers - Montreal Canadiens,4:1,1.7,4.5,4.2,31.03.2012
Philadelphia Flyers - Ottawa Senators,3:4 pen.,2.1,4.5,3.25,31.03.2012
Vancouver Canucks - Dallas Stars,5:2,2.1,4.09,3.2,31.03.2012
Arizona Coyotes - San Jose Sharks,2:0,2.45,4,2.79,30.03.2012
Boston Bruins - Washington Capitals,2:3 pen.,1.9,4.33,3.61,30.03.2012
Chicago Blackhawks - St.Louis Blues,4:3 pen.,2.65,4,2.45,30.03.2012
Minnesota Wild - Florida Panthers,3:2 ET,3,4,2.29,30.03.2012
New Jersey Devils - Tampa Bay Lightning,6:4,1.83,4.33,3.95,30.03.2012
New York Islanders - Pittsburgh Penguins,5:3,3.8,4.33,1.82,30.03.2012
Toronto Maple Leafs - Philadelphia Flyers,1:7,3.2,4.3,2.04,30.03.2012
Anaheim Ducks - San Jose Sharks,3:1,2.79,4,2.35,29.03.2012
Calgary Flames - Los Angeles Kings,0:3,2.75,4,2.45,29.03.2012
Columbus Blue Jackets - Detroit Red Wings,4:2,4.25,4.5,1.75,29.03.2012
Edmonton Oilers - Dallas Stars,1:3,3,4,2.29,29.03.2012
Vancouver Canucks - Colorado Avalanche,1:0,2.04,4.2,3.55,29.03.2012
Winnipeg Jets - New York Rangers,2:4,2.7,4,2.5,29.03.2012
Boston Bruins - Tampa Bay Lightning,5:2,1.7,4.5,4.75,28.03.2012
Minnesota Wild - New York Rangers,2:3,3.79,4.33,1.95,28.03.2012
Montreal Canadiens - Florida Panthers,2:3 pen.,2.54,4,2.54,28.03.2012
New Jersey Devils - Chicago Blackhawks,2:1 pen.,2.29,4,2.9,28.03.2012
Pittsburgh Penguins - New York Islanders,3:5,1.6,4.75,5.25,28.03.2012
St.Louis Blues - Nashville Predators,3:0,2.15,4,3.15,28.03.2012
Toronto Maple Leafs - Carolina Hurricanes,0:3,2.5,4,2.72,28.03.2012
Washington Capitals - Buffalo Sabres,1:5,2.54,4,2.65,28.03.2012
Calgary Flames - Dallas Stars,5:4,2.45,4,2.7,27.03.2012
Detroit Red Wings - Columbus Blue Jackets,7:2,1.58,4.75,5.5,27.03.2012
Philadelphia Flyers - Tampa Bay Lightning,3:5,1.72,4.4,4.25,27.03.2012
San Jose Sharks - Colorado Avalanche,5:1,2.02,4.09,3.5,27.03.2012
Vancouver Canucks - Los Angeles Kings,1:0,2.29,4,2.95,27.03.2012
Winnipeg Jets - Ottawa Senators,4:6,2.4,4,2.7,27.03.2012
Anaheim Ducks - Boston Bruins,2:3,2.5,4,2.79,26.03.2012
Arizona Coyotes - St.Louis Blues,0:4,2.89,4,2.36,26.03.2012
Chicago Blackhawks - Nashville Predators,1:6,2.29,4,3.05,26.03.2012
Florida Panthers - New York Islanders,2:3 pen.,1.95,4.2,3.5,26.03.2012
Pittsburgh Penguins - New Jersey Devils,5:2,1.85,4.2,3.75,26.03.2012
Washington Capitals - Minnesota Wild,3:0,1.78,4.3,4.25,26.03.2012
Buffalo Sabres - Minnesota Wild,3:1,1.8,4.3,4.09,25.03.2012
Colorado Avalanche - Vancouver Canucks,2:3 ET,2.6,4,2.54,25.03.2012
Columbus Blue Jackets - Edmonton Oilers,3:6,2.6,4,2.45,25.03.2012
Detroit Red Wings - Carolina Hurricanes,5:4,1.88,4.3,3.8,25.03.2012
Los Angeles Kings - Boston Bruins,2:4,2.35,4,2.89,25.03.2012
Nashville Predators - Winnipeg Jets,3:1,1.88,4.2,3.75,25.03.2012
Ottawa Senators - Pittsburgh Penguins,8:4,3.6,4.15,1.95,25.03.2012
Philadelphia Flyers - Montreal Canadiens,4:1,1.7,4.5,4.5,25.03.2012
San Jose Sharks - Arizona Coyotes,4:3 pen.,2.1,3.85,3.25,25.03.2012
Tampa Bay Lightning - New York Islanders,4:3,2.47,4,2.6,25.03.2012
Toronto Maple Leafs - New York Rangers,3:4 pen.,3.25,4.09,2.04,25.03.2012
Columbus Blue Jackets - Carolina Hurricanes,5:1,3.2,4,2.15,24.03.2012
Dallas Stars - Calgary Flames,4:1,2.25,4,3.15,24.03.2012
Florida Panthers - Edmonton Oilers,1:2 pen.,1.92,4.2,3.75,24.03.2012
Montreal Canadiens - Ottawa Senators,5:1,2.88,4,2.4,24.03.2012
New Jersey Devils - Toronto Maple Leafs,3:4 pen.,1.85,4.2,3.75,24.03.2012
New York Rangers - Buffalo Sabres,1:4,2.1,4.09,3.35,24.03.2012
Washington Capitals - Winnipeg Jets,3:4 ET,2.29,4,3,24.03.2012
Arizona Coyotes - Colorado Avalanche,3:2,2.35,4,2.89,23.03.2012
Dallas Stars - Vancouver Canucks,1:2,2.4,4,2.7,23.03.2012
Los Angeles Kings - St.Louis Blues,1:0 pen.,2.29,4,3.1,23.03.2012
Minnesota Wild - Calgary Flames,3:2 pen.,2.8,4,2.4,23.03.2012
Philadelphia Flyers - Washington Capitals,2:1 pen.,2.04,4.09,3.4,23.03.2012
Pittsburgh Penguins - Nashville Predators,5:1,1.9,4.25,3.75,23.03.2012
San Jose Sharks - Boston Bruins,2:1,2.5,4,2.6,23.03.2012
Tampa Bay Lightning - Edmonton Oilers,3:2 pen.,2.5,4,2.65,23.03.2012
Anaheim Ducks - St.Louis Blues,4:3,2.79,4,2.45,22.03.2012
Buffalo Sabres - Montreal Canadiens,3:0,1.95,4.2,3.6,22.03.2012
Carolina Hurricanes - Florida Panthers,3:1,2.35,4,3.1,22.03.2012
Chicago Blackhawks - Vancouver Canucks,2:1 ET,2.5,4,2.65,22.03.2012
New York Rangers - Detroit Red Wings,2:1 ET,2.16,4,3.1,22.03.2012
Colorado Avalanche - Calgary Flames,2:1 ET,2.2,4,3.1,21.03.2012
Columbus Blue Jackets - Chicago Blackhawks,1:5,3.75,4.33,1.9,21.03.2012
Dallas Stars - Arizona Coyotes,4:3 pen.,2.35,4,2.9,21.03.2012
Los Angeles Kings - San Jose Sharks,5:2,2.2,4,3.1,21.03.2012
Nashville Predators - Edmonton Oilers,3:6,1.8,4.5,4.09,21.03.2012
Ottawa Senators - New Jersey Devils,0:1,2.29,4,2.85,21.03.2012
Philadelphia Flyers - Florida Panthers,1:2,2.02,4.3,3.3,21.03.2012
Pittsburgh Penguins - Winnipeg Jets,8:4,1.67,4.5,4.4,21.03.2012
Toronto Maple Leafs - New York Islanders,2:5,2.4,4,2.7,21.03.2012
Boston Bruins - Toronto Maple Leafs,8:0,1.8,4.3,4,20.03.2012
Detroit Red Wings - Washington Capitals,3:5,1.9,4.33,3.75,20.03.2012
Minnesota Wild - Vancouver Canucks,2:0,4,4.3,1.85,20.03.2012
New York Rangers - New Jersey Devils,4:2,2.17,4,3.1,20.03.2012
San Jose Sharks - Anaheim Ducks,3:5,1.87,4.5,4.25,20.03.2012
Tampa Bay Lightning - Buffalo Sabres,3:7,2.7,4,2.45,20.03.2012
Anaheim Ducks - Nashville Predators,1:3,2.4,4,2.75,19.03.2012
Calgary Flames - Columbus Blue Jackets,1:2 pen.,1.76,4.4,4,19.03.2012
Chicago Blackhawks - Washington Capitals,5:2,2.04,4.05,3.3,19.03.2012
Edmonton Oilers - Arizona Coyotes,2:3 pen.,3,4,2.35,19.03.2012
Winnipeg Jets - Carolina Hurricanes,3:4,1.92,4.2,3.75,19.03.2012
Florida Panthers - Buffalo Sabres,3:2 pen.,2.29,4,2.89,18.03.2012
Los Angeles Kings - Nashville Predators,4:2,2.45,4,2.7,18.03.2012
Montreal Canadiens - New York Islanders,2:3 pen.,2.5,4,2.7,18.03.2012
New York Rangers - Colorado Avalanche,1:3,1.95,4.2,3.55,18.03.2012
Ottawa Senators - Toronto Maple Leafs,1:3,2.1,4.09,3.25,18.03.2012
Philadelphia Flyers - Pittsburgh Penguins,3:2 ET,2.95,4,2.25,18.03.2012
San Jose Sharks - Detroit Red Wings,3:2 ET,2.29,4,3.1,18.03.2012
Tampa Bay Lightning - St.Louis Blues,1:3,3.39,4.2,2.1,18.03.2012
Vancouver Canucks - Columbus Blue Jackets,4:3,1.6,4.59,5.09,18.03.2012
Anaheim Ducks - Los Angeles Kings,2:4,2.59,4,2.54,17.03.2012
Boston Bruins - Philadelphia Flyers,3:2 pen.,2.29,4,2.85,17.03.2012
Dallas Stars - Chicago Blackhawks,1:4,2.4,4,2.8,17.03.2012
Edmonton Oilers - Calgary Flames,3:1,2.45,4,2.8,17.03.2012
Minnesota Wild - Carolina Hurricanes,3:5,2.75,4,2.45,17.03.2012
New Jersey Devils - Pittsburgh Penguins,2:5,3,4,2.29,17.03.2012
Ottawa Senators - Montreal Canadiens,2:1 ET,2,4.09,3.45,17.03.2012
Winnipeg Jets - Washington Capitals,3:2,2.35,4,2.89,17.03.2012
Calgary Flames - Arizona Coyotes,4:1,2.25,4,2.9,16.03.2012
Carolina Hurricanes - St.Louis Blues,2:0,3.25,4,2.04,16.03.2012
Florida Panthers - Boston Bruins,6:2,2.9,4,2.25,16.03.2012
New Jersey Devils - Colorado Avalanche,1:0 pen.,1.95,4.09,3.5,16.03.2012
New York Islanders - Philadelphia Flyers,2:3,3,4.05,2.15,16.03.2012
New York Rangers - Pittsburgh Penguins,2:5,3,4,2.35,16.03.2012
San Jose Sharks - Nashville Predators,2:1 pen.,2.35,4,2.89,16.03.2012
Tampa Bay Lightning - Toronto Maple Leafs,1:3,2.2,4,2.95,16.03.2012
Anaheim Ducks - Detroit Red Wings,4:0,2.5,3.9,2.64,15.03.2012
Buffalo Sabres - Colorado Avalanche,4:5 pen.,2.25,4,3,15.03.2012
Edmonton Oilers - Columbus Blue Jackets,3:0,2.1,4.09,3.35,15.03.2012
Montreal Canadiens - Ottawa Senators,3:2 pen.,2.89,4,2.29,15.03.2012
Vancouver Canucks - Arizona Coyotes,4:5,1.93,4.2,3.79,15.03.2012
Winnipeg Jets - Dallas Stars,5:2,2.29,4,3,15.03.2012
Calgary Flames - San Jose Sharks,3:2 ET,2.75,4,2.7,14.03.2012
Chicago Blackhawks - St.Louis Blues,4:3 pen.,2.75,4,2.5,14.03.2012
Florida Panthers - Toronto Maple Leafs,5:2,2.29,4,3.1,14.03.2012
Los Angeles Kings - Detroit Red Wings,5:2,2.45,3.9,2.89,14.03.2012
Minnesota Wild - Dallas Stars,0:1,3.35,4.09,2.04,14.03.2012
New York Islanders - Washington Capitals,4:5 pen.,2.7,4,2.35,14.03.2012
New York Rangers - Carolina Hurricanes,4:2,1.95,4.5,3.8,14.03.2012
Philadelphia Flyers - New Jersey Devils,3:0,2.35,4,2.85,14.03.2012
Tampa Bay Lightning - Boston Bruins,6:1,3.1,4.33,2.2,14.03.2012
Arizona Coyotes - Nashville Predators,4:5 pen.,2.54,4,2.54,13.03.2012
Buffalo Sabres - Montreal Canadiens,3:2 ET,2.04,4.09,3.45,13.03.2012
Colorado Avalanche - Anaheim Ducks,3:2 ET,2.35,4,2.89,13.03.2012
Edmonton Oilers - San Jose Sharks,2:3,3.05,4.05,2.16,13.03.2012
Chicago Blackhawks - Los Angeles Kings,2:3 pen.,2.35,4,2.95,12.03.2012
Columbus Blue Jackets - St.Louis Blues,1:2,3.65,4.2,1.9,12.03.2012
Minnesota Wild - Calgary Flames,3:4,3.1,4,2.29,12.03.2012
New Jersey Devils - Philadelphia Flyers,4:1,2.23,4,3.1,12.03.2012
New York Rangers - New York Islanders,4:3 ET,1.75,4.3,4.3,12.03.2012
Arizona Coyotes - San Jose Sharks,3:0,2.54,4,2.54,11.03.2012
Dallas Stars - Anaheim Ducks,2:0,2.35,4,2.8,11.03.2012
Florida Panthers - Carolina Hurricanes,2:0,2.15,4.09,3.2,11.03.2012
Nashville Predators - Detroit Red Wings,3:2,2.25,4,3.2,11.03.2012
New York Islanders - New Jersey Devils,1:2,2.95,4,2.29,11.03.2012
Ottawa Senators - Buffalo Sabres,3:4 pen.,2.15,4,3.1,11.03.2012
Pittsburgh Penguins - Boston Bruins,5:2,2.15,4,3.2,11.03.2012
St.Louis Blues - Columbus Blue Jackets,4:1,1.7,4.5,4.75,11.03.2012
Tampa Bay Lightning - Carolina Hurricanes,2:4,2.4,4,2.65,11.03.2012
Toronto Maple Leafs - Philadelphia Flyers,0:1 pen.,2.75,4,2.45,11.03.2012
Vancouver Canucks - Montreal Canadiens,1:4,1.7,4.5,4.5,11.03.2012
Washington Capitals - Toronto Maple Leafs,2:0,2.15,4.05,3.1,11.03.2012
Boston Bruins - Washington Capitals,3:4,1.85,4.33,3.9,10.03.2012
Calgary Flames - Winnipeg Jets,5:3,2.25,4,3.1,10.03.2012
Chicago Blackhawks - New York Rangers,4:3,2.54,4,2.79,10.03.2012
Colorado Avalanche - Edmonton Oilers,3:2 pen.,2,4.2,3.3,10.03.2012
Detroit Red Wings - Los Angeles Kings,4:3,2.1,4,3.35,10.03.2012
Pittsburgh Penguins - Florida Panthers,2:1 pen.,1.75,4.5,4.33,10.03.2012
Arizona Coyotes - Minnesota Wild,2:3 pen.,1.8,4.3,4,09.03.2012
Boston Bruins - Buffalo Sabres,3:1,1.8,4.5,3.9,09.03.2012
Columbus Blue Jackets - Los Angeles Kings,3:1,3.5,4,2.15,09.03.2012
Dallas Stars - San Jose Sharks,4:3 pen.,2.79,4,2.5,09.03.2012
Edmonton Oilers - Montreal Canadiens,3:5,2.15,4,3.1,09.03.2012
Nashville Predators - Colorado Avalanche,4:2,2.04,4.05,3.39,09.03.2012
New Jersey Devils - New York Islanders,5:1,1.95,4.2,3.5,09.03.2012
Ottawa Senators - New York Rangers,4:1,2.65,4,2.5,09.03.2012
Philadelphia Flyers - Florida Panthers,5:0,2.04,4.2,3.35,09.03.2012
St.Louis Blues - Anaheim Ducks,3:1,1.95,4.2,3.55,09.03.2012
Vancouver Canucks - Winnipeg Jets,3:2,1.82,4.3,3.85,09.03.2012
Washington Capitals - Tampa Bay Lightning,3:2 ET,2,4.09,3.39,09.03.2012
Buffalo Sabres - Carolina Hurricanes,3:2 ET,2,4.33,3.45,08.03.2012
Pittsburgh Penguins - Toronto Maple Leafs,3:2,1.75,4.5,4.05,08.03.2012
Calgary Flames - Montreal Canadiens,5:4,2.1,4,3.2,07.03.2012
Colorado Avalanche - Minnesota Wild,7:1,1.94,4.2,3.6,07.03.2012
Columbus Blue Jackets - Arizona Coyotes,3:2,3.05,4.09,2.2,07.03.2012
Nashville Predators - Los Angeles Kings,4:5,2.25,4,3.1,07.03.2012
New Jersey Devils - New York Rangers,4:1,2.79,4,2.5,07.03.2012
Philadelphia Flyers - Detroit Red Wings,3:2,2.25,4,3,07.03.2012
San Jose Sharks - Edmonton Oilers,2:3 pen.,1.75,4.5,4.25,07.03.2012
St.Louis Blues - Chicago Blackhawks,5:1,2.1,4,3.25,07.03.2012
Tampa Bay Lightning - Ottawa Senators,3:7,2.71,4,2.54,07.03.2012
Toronto Maple Leafs - Boston Bruins,4:5,3.05,4.09,2.2,07.03.2012
Vancouver Canucks - Dallas Stars,2:5,1.8,4.5,4,07.03.2012
Washington Capitals - Carolina Hurricanes,3:4 ET,2.15,4,3.2,07.03.2012
Anaheim Ducks - Edmonton Oilers,4:2,1.92,4.2,3.5,06.03.2012
Pittsburgh Penguins - Arizona Coyotes,2:1,1.95,4.2,3.55,06.03.2012
Winnipeg Jets - Buffalo Sabres,3:1,2.45,4,2.75,06.03.2012
Calgary Flames - Dallas Stars,2:3 pen.,2.54,4,2.7,05.03.2012
Florida Panthers - Ottawa Senators,4:2,2.72,4,2.4,05.03.2012
Minnesota Wild - Colorado Avalanche,0:2,2.75,4,2.5,05.03.2012
Washington Capitals - Philadelphia Flyers,0:1,2.7,4,2.35,05.03.2012
Arizona Coyotes - Columbus Blue Jackets,2:5,1.7,4.5,4.33,04.03.2012
Carolina Hurricanes - Tampa Bay Lightning,3:4 ET,2.1,4.09,3.39,04.03.2012
Colorado Avalanche - Pittsburgh Penguins,1:5,2.8,4,2.29,04.03.2012
Detroit Red Wings - Chicago Blackhawks,1:2,2.1,4.09,3.4,04.03.2012
Florida Panthers - Nashville Predators,1:3,3.1,4,2.29,04.03.2012
Los Angeles Kings - Anaheim Ducks,4:2,2.15,4,3.25,04.03.2012
Montreal Canadiens - Toronto Maple Leafs,1:3,2.64,4,2.6,04.03.2012
New York Islanders - New Jersey Devils,1:0,3.5,4,2.2,04.03.2012
New York Rangers - Boston Bruins,4:3,2.15,4,3.18,04.03.2012
San Jose Sharks - St.Louis Blues,1:3,2.45,4,2.7,04.03.2012
Vancouver Canucks - Buffalo Sabres,3:5,1.79,4.3,3.95,04.03.2012
Anaheim Ducks - Calgary Flames,3:2,2,4.2,3.6,03.03.2012
Boston Bruins - New York Islanders,2:3,1.75,4.5,4.34,03.03.2012
Detroit Red Wings - Minnesota Wild,6:0,1.65,4.55,4.9,03.03.2012
Edmonton Oilers - Dallas Stars,1:3,2.6,4,2.5,03.03.2012
Ottawa Senators - Chicago Blackhawks,1:2,2.25,4,3,03.03.2012
Tampa Bay Lightning - New York Rangers,4:3 ET,3.05,4,2.2,03.03.2012
Washington Capitals - New Jersey Devils,0:5,2.29,4,2.9,03.03.2012
Arizona Coyotes - Calgary Flames,2:4,2.04,4.2,3.5,02.03.2012
Boston Bruins - New Jersey Devils,4:3 ET,2.04,4.2,3.4,02.03.2012
Carolina Hurricanes - New York Rangers,2:3,3.1,4.09,2.25,02.03.2012
Colorado Avalanche - Columbus Blue Jackets,0:2,1.75,4.5,4.34,02.03.2012
Montreal Canadiens - Minnesota Wild,5:4 pen.,2.29,4,3,02.03.2012
Philadelphia Flyers - New York Islanders,6:3,1.85,4.5,3.75,02.03.2012
San Jose Sharks - Buffalo Sabres,0:1,1.9,4.2,3.6,02.03.2012
Vancouver Canucks - St.Louis Blues,2:0,2.04,4.09,3.4,02.03.2012
Winnipeg Jets - Florida Panthers,7:0,2.25,4,2.9,02.03.2012
Anaheim Ducks - Buffalo Sabres,0:2,2.1,4.09,3.25,01.03.2012
Chicago Blackhawks - Toronto Maple Leafs,5:4,1.92,4.09,3.45,01.03.2012
Dallas Stars - Pittsburgh Penguins,3:4 pen.,3,4,2.29,01.03.2012
Edmonton Oilers - St.Louis Blues,2:5,3.1,4,2.2,01.03.2012
Arizona Coyotes - Vancouver Canucks,2:1 pen.,2.89,4,2.35,29.02.2012
Boston Bruins - Ottawa Senators,0:1,1.85,4.3,3.75,29.02.2012
Carolina Hurricanes - Nashville Predators,4:3,2.75,4,2.4,29.02.2012
Columbus Blue Jackets - Detroit Red Wings,2:5,3.6,4.25,1.86,29.02.2012
Minnesota Wild - Los Angeles Kings,0:4,2.65,4,2.45,29.02.2012
San Jose Sharks - Philadelphia Flyers,1:0,2.35,4,2.7,29.02.2012
Tampa Bay Lightning - Montreal Canadiens,2:1,2.6,4,2.65,29.02.2012
Toronto Maple Leafs - Florida Panthers,3:5,2.25,4,3,29.02.2012
Washington Capitals - New York Islanders,3:2 ET,2,4.09,3.5,29.02.2012
Calgary Flames - St.Louis Blues,1:3,2.85,4,2.35,28.02.2012
Colorado Avalanche - Anaheim Ducks,4:1,2.5,4,2.75,28.02.2012
Nashville Predators - Los Angeles Kings,2:1,2.15,4,3.3,28.02.2012
New York Rangers - New Jersey Devils,2:0,2,4.09,3.55,28.02.2012
Winnipeg Jets - Edmonton Oilers,3:5,2,4.09,3.35,28.02.2012
Anaheim Ducks - Chicago Blackhawks,3:1,2.25,4,3.2,27.02.2012
Florida Panthers - Montreal Canadiens,4:2,2.35,4,2.89,27.02.2012
Minnesota Wild - San Jose Sharks,4:3,3.1,4,2.15,27.02.2012
Ottawa Senators - New York Islanders,5:2,2.15,4.05,3.15,27.02.2012
Calgary Flames - Philadelphia Flyers,4:5 pen.,2.89,4,2.4,26.02.2012
Carolina Hurricanes - Florida Panthers,2:3 pen.,2.45,4,2.7,26.02.2012
Dallas Stars - Vancouver Canucks,3:2 ET,3.45,4.09,2.1,26.02.2012
Detroit Red Wings - Colorado Avalanche,3:4,1.7,4.59,4.45,26.02.2012
Los Angeles Kings - Chicago Blackhawks,4:0,2.4,4,2.89,26.02.2012
Nashville Predators - San Jose Sharks,6:2,2.45,4,2.8,26.02.2012
New Jersey Devils - Tampa Bay Lightning,3:4,1.78,4.4,4.5,26.02.2012
New York Rangers - Buffalo Sabres,3:2 ET,1.83,4.3,4,26.02.2012
Ottawa Senators - Boston Bruins,3:5,2.7,4,2.4,26.02.2012
Pittsburgh Penguins - Columbus Blue Jackets,4:2,1.58,4.75,5,26.02.2012
Toronto Maple Leafs - Washington Capitals,2:4,2.2,4.2,3.2,26.02.2012
Buffalo Sabres - Boston Bruins,2:1 pen.,3.05,4.05,2.2,25.02.2012
Columbus Blue Jackets - Colorado Avalanche,0:5,2.89,4.05,2.35,25.02.2012
Dallas Stars - Minnesota Wild,4:1,2,4.09,3.45,25.02.2012
Edmonton Oilers - Arizona Coyotes,1:3,2.65,4,2.45,25.02.2012
New Jersey Devils - Vancouver Canucks,1:2,2.5,4,2.6,25.02.2012
New York Islanders - New York Rangers,4:3 pen.,3.39,4,2.04,25.02.2012
Pittsburgh Penguins - Tampa Bay Lightning,8:1,1.72,4.75,4.5,25.02.2012
Washington Capitals - Montreal Canadiens,4:1,2.35,4,3.08,25.02.2012
Winnipeg Jets - St.Louis Blues,2:3 pen.,2.89,4,2.35,25.02.2012
Calgary Flames - Arizona Coyotes,3:4 pen.,2.5,4,2.68,24.02.2012
Carolina Hurricanes - Anaheim Ducks,2:3 pen.,2.8,4,2.4,24.02.2012
Chicago Blackhawks - Dallas Stars,1:3,1.85,4.33,3.75,24.02.2012
Detroit Red Wings - Vancouver Canucks,3:4 pen.,2.39,4,2.8,24.02.2012
Edmonton Oilers - Philadelphia Flyers,2:0,3,4.09,2.25,24.02.2012
Florida Panthers - Minnesota Wild,2:3 pen.,2.1,4.09,3.2,24.02.2012
Nashville Predators - St.Louis Blues,2:3 pen.,2.35,4,2.9,24.02.2012
Toronto Maple Leafs - San Jose Sharks,1:2,2.79,4,2.35,24.02.2012
Winnipeg Jets - Tampa Bay Lightning,4:3,2.1,4,3.2,24.02.2012
Colorado Avalanche - Los Angeles Kings,4:1,2.5,4,2.64,23.02.2012
Ottawa Senators - Washington Capitals,5:2,2.1,4.05,3.2,23.02.2012
St.Louis Blues - Boston Bruins,2:4,2.4,4,2.75,23.02.2012
Arizona Coyotes - Los Angeles Kings,5:4 pen.,2.45,4,2.75,22.02.2012
Buffalo Sabres - New York Islanders,2:1,2.1,4.2,3.6,22.02.2012
Calgary Flames - Edmonton Oilers,1:6,1.96,4.25,3.6,22.02.2012
Chicago Blackhawks - Detroit Red Wings,2:1,2.5,4,2.54,22.02.2012
Columbus Blue Jackets - San Jose Sharks,6:3,3.75,4.2,1.9,22.02.2012
Montreal Canadiens - Dallas Stars,0:3,2.15,4,3.1,22.02.2012
Nashville Predators - Vancouver Canucks,3:1,2.64,4,2.5,22.02.2012
Pittsburgh Penguins - New York Rangers,2:0,2.4,4,2.79,22.02.2012
Tampa Bay Lightning - Anaheim Ducks,3:2,2.89,4,2.4,22.02.2012
Toronto Maple Leafs - New Jersey Devils,3:4 ET,2.6,4,2.5,22.02.2012
Winnipeg Jets - Philadelphia Flyers,4:5 ET,2.75,4,2.35,22.02.2012
Carolina Hurricanes - Washington Capitals,5:0,2.89,4,2.35,21.02.2012
Dallas Stars - Nashville Predators,2:3,3.1,4,2.29,20.02.2012
Edmonton Oilers - Vancouver Canucks,2:5,3.25,4.2,2.04,20.02.2012
Florida Panthers - Anaheim Ducks,0:2,2.75,4,2.6,20.02.2012
Montreal Canadiens - New Jersey Devils,1:3,2.64,4,2.6,20.02.2012
New York Islanders - Ottawa Senators,0:6,2.64,4,2.54,20.02.2012
New York Rangers - Columbus Blue Jackets,3:2 ET,1.65,4.59,5.5,20.02.2012
Winnipeg Jets - Colorado Avalanche,5:1,2.25,4.2,3,20.02.2012
Arizona Coyotes - Dallas Stars,2:1 ET,2.04,4.09,3.3,19.02.2012
Buffalo Sabres - Pittsburgh Penguins,6:2,2.9,4,2.25,19.02.2012
Chicago Blackhawks - St.Louis Blues,3:1,2.4,4,2.8,19.02.2012
Detroit Red Wings - San Jose Sharks,3:2,2.06,4.05,3.3,19.02.2012
Los Angeles Kings - Calgary Flames,0:1,2.25,4.2,3.05,19.02.2012
Minnesota Wild - Boston Bruins,2:0,3.85,4.34,1.9,19.02.2012
New York Islanders - Carolina Hurricanes,4:3,2.2,4.33,2.9,19.02.2012
Tampa Bay Lightning - Washington Capitals,2:1,2.4,4,2.75,19.02.2012
Vancouver Canucks - Toronto Maple Leafs,6:2,1.87,4.25,3.75,19.02.2012
Buffalo Sabres - Montreal Canadiens,3:4 pen.,2.64,4,2.6,18.02.2012
Carolina Hurricanes - San Jose Sharks,3:2,3.1,4.05,2.25,18.02.2012
Columbus Blue Jackets - Chicago Blackhawks,1:6,3.5,4.25,2,18.02.2012
Detroit Red Wings - Nashville Predators,2:1,2.04,4.2,3.25,18.02.2012
Edmonton Oilers - Colorado Avalanche,1:3,2.4,4,2.8,18.02.2012
Florida Panthers - Washington Capitals,1:2,2.6,4,2.65,18.02.2012
New Jersey Devils - Anaheim Ducks,3:2 pen.,2.29,4,2.8,18.02.2012
Philadelphia Flyers - Pittsburgh Penguins,4:6,2.6,4,2.65,18.02.2012
St.Louis Blues - Minnesota Wild,4:0,1.76,4.3,4.2,18.02.2012
Winnipeg Jets - Boston Bruins,4:2,3.39,4.2,2,18.02.2012
Dallas Stars - Calgary Flames,3:2 ET,2.54,4,2.75,17.02.2012
Los Angeles Kings - Arizona Coyotes,0:1,2.25,4,3.1,17.02.2012
Minnesota Wild - Winnipeg Jets,3:4 pen.,2.4,4,2.75,17.02.2012
New York Rangers - Chicago Blackhawks,2:4,2.04,4.09,3.25,17.02.2012
Philadelphia Flyers - Buffalo Sabres,7:2,2,4.25,3.39,17.02.2012
St.Louis Blues - New York Islanders,5:1,1.83,4.3,3.9,17.02.2012
Tampa Bay Lightning - San Jose Sharks,6:5 ET,3.1,4,2.2,17.02.2012
Edmonton Oilers - Toronto Maple Leafs,3:4 ET,2.45,4,2.65,16.02.2012
Florida Panthers - Ottawa Senators,2:6,2.29,4,2.95,16.02.2012
Montreal Canadiens - Boston Bruins,3:4 pen.,2.8,4,2.35,16.02.2012
Pittsburgh Penguins - Anaheim Ducks,1:2,1.88,4.4,4,16.02.2012
Vancouver Canucks - Colorado Avalanche,3:1,1.75,4.4,4,16.02.2012
Boston Bruins - New York Rangers,0:3,2.35,4,2.9,15.02.2012
Buffalo Sabres - New Jersey Devils,1:4,2.54,4,2.75,15.02.2012
Calgary Flames - Toronto Maple Leafs,5:1,2.35,4,2.75,15.02.2012
Columbus Blue Jackets - St.Louis Blues,2:1,3.79,4.33,1.92,15.02.2012
Detroit Red Wings - Dallas Stars,3:1,1.75,4.5,4.05,15.02.2012
Minnesota Wild - Anaheim Ducks,1:2,2.8,4,2.4,15.02.2012
Nashville Predators - Chicago Blackhawks,3:2,2.27,4.05,2.8,15.02.2012
Tampa Bay Lightning - Ottawa Senators,0:4,2.35,4,2.75,15.02.2012
Winnipeg Jets - New York Islanders,1:3,2.25,4.05,3.05,15.02.2012
Montreal Canadiens - Carolina Hurricanes,3:5,2.1,4.09,3.3,14.02.2012
Vancouver Canucks - Arizona Coyotes,2:1 pen.,1.95,4.2,3.5,14.02.2012
Washington Capitals - San Jose Sharks,3:5,2.7,4,2.35,14.02.2012
Columbus Blue Jackets - Anaheim Ducks,3:5,3.2,4.09,2.15,13.02.2012
Dallas Stars - Los Angeles Kings,2:4,2.35,4,2.8,13.02.2012
Detroit Red Wings - Philadelphia Flyers,4:3,1.95,4.33,3.5,13.02.2012
Pittsburgh Penguins - Tampa Bay Lightning,4:2,1.8,4.4,3.85,13.02.2012
St.Louis Blues - San Jose Sharks,3:0,2.64,4,2.6,13.02.2012
Arizona Coyotes - Chicago Blackhawks,3:0,2.45,4,2.7,12.02.2012
Buffalo Sabres - Tampa Bay Lightning,1:2,2.25,4.09,2.9,12.02.2012
Calgary Flames - Vancouver Canucks,3:2 pen.,3.25,4,2.16,12.02.2012
Minnesota Wild - Columbus Blue Jackets,1:3,2,4.25,3.5,12.02.2012
New York Islanders - Florida Panthers,1:4,2.25,4.2,3.1,12.02.2012
New York Rangers - Washington Capitals,3:2,2.04,4.2,3.35,12.02.2012
St.Louis Blues - Colorado Avalanche,3:2 ET,1.8,4.5,4,12.02.2012
Toronto Maple Leafs - Montreal Canadiens,0:5,2.1,4.05,3.1,12.02.2012
Boston Bruins - Nashville Predators,4:3 pen.,2.04,4.09,3.4,11.02.2012
Buffalo Sabres - Dallas Stars,3:2 pen.,2.04,4.2,3.39,11.02.2012
Colorado Avalanche - Carolina Hurricanes,4:3 ET,2.2,4,3,11.02.2012
Detroit Red Wings - Anaheim Ducks,2:1 pen.,1.85,4.33,3.75,11.02.2012
New Jersey Devils - Florida Panthers,1:3,2.04,4.2,3.29,11.02.2012
New York Islanders - Los Angeles Kings,2:1 ET,2.65,4,2.45,11.02.2012
Ottawa Senators - Edmonton Oilers,3:4 ET,2,4.2,3.25,11.02.2012
Philadelphia Flyers - New York Rangers,2:5,2.6,4,2.7,11.02.2012
Pittsburgh Penguins - Winnipeg Jets,8:5,1.8,4.33,3.9,11.02.2012
San Jose Sharks - Chicago Blackhawks,5:3,2.2,4.2,3,11.02.2012
Arizona Coyotes - Calgary Flames,2:1 ET,2.04,4.05,3.5,10.02.2012
Columbus Blue Jackets - Dallas Stars,2:4,2.7,4.09,2.42,10.02.2012
Florida Panthers - Los Angeles Kings,3:1,3.1,4,2.35,10.02.2012
Minnesota Wild - Vancouver Canucks,2:5,3.2,4,2.15,10.02.2012
New Jersey Devils - St.Louis Blues,3:4 pen.,2.54,4,2.6,10.02.2012
New York Islanders - Montreal Canadiens,2:4,2.45,4,2.7,10.02.2012
New York Rangers - Tampa Bay Lightning,4:3 ET,1.87,4.3,3.75,10.02.2012
Ottawa Senators - Nashville Predators,4:3,2.75,4,2.4,10.02.2012
Philadelphia Flyers - Toronto Maple Leafs,4:3,2.1,4.2,3.3,10.02.2012
Washington Capitals - Winnipeg Jets,2:3 pen.,2,4.15,3.6,10.02.2012
Anaheim Ducks - Carolina Hurricanes,3:2 ET,2.04,4.09,3.2,09.02.2012
Buffalo Sabres - Boston Bruins,6:0,3.4,4.2,2,09.02.2012
Detroit Red Wings - Edmonton Oilers,4:2,1.67,4.7,4.65,09.02.2012
San Jose Sharks - Calgary Flames,3:4,1.87,4.3,3.8,09.02.2012
Colorado Avalanche - Chicago Blackhawks,5:2,3,4,2.2,08.02.2012
Columbus Blue Jackets - Minnesota Wild,3:1,2.64,4,2.5,08.02.2012
Dallas Stars - Arizona Coyotes,1:4,2.1,4.05,3,08.02.2012
Montreal Canadiens - Pittsburgh Penguins,3:2 pen.,2.9,4,2.29,08.02.2012
Nashville Predators - Vancouver Canucks,3:4 pen.,2.7,4,2.5,08.02.2012
New York Rangers - New Jersey Devils,0:1,1.98,4.09,3.6,08.02.2012
Ottawa Senators - St.Louis Blues,1:3,2.79,4,2.45,08.02.2012
Philadelphia Flyers - New York Islanders,0:1 pen.,1.9,4.25,3.6,08.02.2012
Tampa Bay Lightning - Los Angeles Kings,1:3,2.64,4,2.54,08.02.2012
Washington Capitals - Florida Panthers,4:0,2.04,4.09,3.2,08.02.2012
Winnipeg Jets - Toronto Maple Leafs,2:1,2.4,4,2.7,08.02.2012
Anaheim Ducks - Calgary Flames,3:2 pen.,2.2,4,3.2,07.02.2012
Arizona Coyotes - Detroit Red Wings,3:1,2.8,4.09,2.25,07.02.2012
Toronto Maple Leafs - Edmonton Oilers,6:3,1.95,4.2,3.4,07.02.2012
Arizona Coyotes - San Jose Sharks,5:3,2.89,4.2,2.25,05.02.2012
Carolina Hurricanes - Los Angeles Kings,2:1,2.6,4,2.54,05.02.2012
Dallas Stars - Minnesota Wild,2:1 pen.,2.1,4.09,3.39,05.02.2012
Edmonton Oilers - Detroit Red Wings,5:4 pen.,3.3,4.25,2,05.02.2012
Montreal Canadiens - Winnipeg Jets,3:0,2.29,4,2.89,05.02.2012
Nashville Predators - St.Louis Blues,3:1,2.35,4,2.89,05.02.2012
New Jersey Devils - Pittsburgh Penguins,5:2,2.75,4,2.39,05.02.2012
New York Islanders - Buffalo Sabres,3:4 pen.,2.41,4.05,2.8,05.02.2012
New York Rangers - Philadelphia Flyers,5:2,2.15,4.09,3.39,05.02.2012
Ottawa Senators - Toronto Maple Leafs,0:5,2.5,4.2,2.7,05.02.2012
Tampa Bay Lightning - Florida Panthers,6:3,2.16,4.2,3,05.02.2012
Washington Capitals - Boston Bruins,1:4,2.95,4.2,2.25,05.02.2012
Anaheim Ducks - Columbus Blue Jackets,2:3 ET,1.78,4.5,4,04.02.2012
Boston Bruins - Pittsburgh Penguins,1:2,2.04,4.15,3.1,04.02.2012
Calgary Flames - Chicago Blackhawks,3:1,2.75,4,2.4,04.02.2012
Colorado Avalanche - Vancouver Canucks,2:3 pen.,3.29,4.2,2.1,04.02.2012
Florida Panthers - Winnipeg Jets,2:1,2,4.2,3.29,04.02.2012
Montreal Canadiens - Washington Capitals,0:3,2.54,4.2,2.6,04.02.2012
Ottawa Senators - New York Islanders,1:2 ET,2.25,4.09,3.2,04.02.2012
Philadelphia Flyers - New Jersey Devils,4:6,2,4.33,3.6,04.02.2012
St.Louis Blues - Los Angeles Kings,1:0,2.16,4,3.2,04.02.2012
Boston Bruins - Carolina Hurricanes,0:3,1.65,4.75,5,03.02.2012
Colorado Avalanche - Minnesota Wild,0:1,2.2,4.09,3.1,03.02.2012
Edmonton Oilers - Chicago Blackhawks,8:4,3.3,4.2,2,03.02.2012
New Jersey Devils - Montreal Canadiens,5:3,2.29,4,2.95,03.02.2012
Philadelphia Flyers - Nashville Predators,4:1,2.2,4,2.95,03.02.2012
San Jose Sharks - Dallas Stars,5:2,1.8,4.33,3.95,03.02.2012
Tampa Bay Lightning - Winnipeg Jets,1:2 ET,2.2,4.09,3.05,03.02.2012
Vancouver Canucks - Detroit Red Wings,3:4 pen.,2.29,4,3,03.02.2012
Anaheim Ducks - Dallas Stars,2:6,2.15,4.09,3.1,02.02.2012
Buffalo Sabres - New York Rangers,0:1 pen.,3.2,4.09,2.15,02.02.2012
Florida Panthers - Washington Capitals,4:2,2.2,4.15,3.1,02.02.2012
Los Angeles Kings - Columbus Blue Jackets,3:2,1.75,4.5,4.8,02.02.2012
Toronto Maple Leafs - Pittsburgh Penguins,1:0,2.65,4.05,2.4,02.02.2012
Arizona Coyotes - Anaheim Ducks,1:4,2.29,4,2.79,01.02.2012
Boston Bruins - Ottawa Senators,4:3,1.8,4.5,3.9,01.02.2012
Calgary Flames - Detroit Red Wings,1:3,3.1,4.09,2.1,01.02.2012
Carolina Hurricanes - New York Islanders,2:5,2.25,4.05,2.79,01.02.2012
Edmonton Oilers - Colorado Avalanche,3:2,2.75,4,2.45,01.02.2012
Minnesota Wild - Nashville Predators,4:5,2.9,4,2.29,01.02.2012
Montreal Canadiens - Buffalo Sabres,1:3,2.14,4.09,3.2,01.02.2012
New Jersey Devils - New York Rangers,4:3 pen.,2.89,4,2.29,01.02.2012
Philadelphia Flyers - Winnipeg Jets,1:2 pen.,1.8,4.33,3.85,01.02.2012
Pittsburgh Penguins - Toronto Maple Leafs,5:4 pen.,1.92,4.25,3.5,01.02.2012
San Jose Sharks - Columbus Blue Jackets,6:0,1.6,4.75,4.9,01.02.2012
Tampa Bay Lightning - Washington Capitals,4:3 ET,2.29,4.09,2.8,01.02.2012
Vancouver Canucks - Chicago Blackhawks,3:2 ET,2.15,4.05,3,01.02.2012
Montreal Canadiens - Detroit Red Wings,7:2,3.25,4.09,2.04,26.01.2012
Arizona Coyotes - Ottawa Senators,3:2,2.2,4.2,3.1,25.01.2012
Calgary Flames - San Jose Sharks,0:1,2.54,4,2.5,25.01.2012
Chicago Blackhawks - Nashville Predators,1:3,2.1,4.09,3.4,25.01.2012
Colorado Avalanche - Minnesota Wild,2:3,2.1,4.2,3.29,25.01.2012
Dallas Stars - Anaheim Ducks,1:0,2.5,4.2,2.6,25.01.2012
Florida Panthers - Philadelphia Flyers,2:3 pen.,2.65,4,2.4,25.01.2012
New Jersey Devils - Buffalo Sabres,1:2 pen.,2.04,4.2,3.5,25.01.2012
New York Islanders - Toronto Maple Leafs,3:4 ET,2.39,4,2.7,25.01.2012
New York Rangers - Winnipeg Jets,3:0,1.69,4.5,5,25.01.2012
St.Louis Blues - Pittsburgh Penguins,2:3 pen.,2.45,4,2.7,25.01.2012
Tampa Bay Lightning - Columbus Blue Jackets,4:2,1.87,4.25,3.6,25.01.2012
Vancouver Canucks - Edmonton Oilers,3:2 pen.,1.6,5,5.5,25.01.2012
Washington Capitals - Boston Bruins,5:3,3.39,4.2,2,25.01.2012
Carolina Hurricanes - Winnipeg Jets,2:1,2.25,4.2,2.9,24.01.2012
Detroit Red Wings - St.Louis Blues,3:1,2.1,4.15,3.2,24.01.2012
Edmonton Oilers - San Jose Sharks,2:1 pen.,3.5,4.2,1.95,24.01.2012
Los Angeles Kings - Ottawa Senators,4:1,2.15,4.05,3.25,24.01.2012
Nashville Predators - Columbus Blue Jackets,4:1,1.7,4.55,4.45,24.01.2012
Toronto Maple Leafs - New York Islanders,3:0,2.15,4.15,3.1,24.01.2012
Anaheim Ducks - Colorado Avalanche,3:2,2,4.09,3.35,23.01.2012
Arizona Coyotes - Tampa Bay Lightning,3:4,2,4.2,3.4,22.01.2012
Detroit Red Wings - Columbus Blue Jackets,3:2 pen.,1.5,5,5.75,22.01.2012
Edmonton Oilers - Calgary Flames,2:6,2.89,4,2.45,22.01.2012
Los Angeles Kings - Colorado Avalanche,1:3,1.95,4.2,3.55,22.01.2012
Minnesota Wild - Dallas Stars,5:2,2.39,4,2.8,22.01.2012
Nashville Predators - Chicago Blackhawks,5:2,2.45,4,2.64,22.01.2012
New York Islanders - Carolina Hurricanes,2:1 ET,2.25,4.09,3,22.01.2012
Philadelphia Flyers - Boston Bruins,5:6 pen.,3,4,2.25,22.01.2012
Pittsburgh Penguins - Washington Capitals,4:3 ET,2,4.15,3.7,22.01.2012
St.Louis Blues - Buffalo Sabres,4:2,1.75,4.33,4.25,22.01.2012
Toronto Maple Leafs - Montreal Canadiens,1:3,2.04,4.09,3.29,22.01.2012
Winnipeg Jets - Florida Panthers,3:4 pen.,2.15,4.09,3.1,22.01.2012
Anaheim Ducks - Ottawa Senators,2:1,2.4,4,2.79,21.01.2012
Boston Bruins - New York Rangers,2:3 ET,2.1,4.2,3.3,21.01.2012
Carolina Hurricanes - Washington Capitals,3:0,2.65,4.05,2.45,21.01.2012
Chicago Blackhawks - Florida Panthers,3:1,1.83,4.33,3.85,21.01.2012
Dallas Stars - Tampa Bay Lightning,1:2,2.2,4.09,2.95,21.01.2012
New Jersey Devils - Philadelphia Flyers,1:4,2.6,4,2.5,21.01.2012
Pittsburgh Penguins - Montreal Canadiens,5:4 pen.,1.91,4.25,3.43,21.01.2012
Vancouver Canucks - San Jose Sharks,4:3,2.1,4.15,3.4,21.01.2012
Arizona Coyotes - Detroit Red Wings,2:3 pen.,3.4,4.2,2,20.01.2012
Columbus Blue Jackets - Nashville Predators,0:3,3.25,4.05,2.2,20.01.2012
Los Angeles Kings - Calgary Flames,1:2 pen.,1.9,4.2,3.75,20.01.2012
New Jersey Devils - Boston Bruins,1:4,3.1,4.09,2.1,20.01.2012
New York Rangers - Pittsburgh Penguins,1:4,2.15,4.05,3.1,20.01.2012
Philadelphia Flyers - New York Islanders,1:4,1.8,4.33,4.09,20.01.2012
San Jose Sharks - Ottawa Senators,1:4,1.95,4.2,3.5,20.01.2012
St.Louis Blues - Edmonton Oilers,1:0,1.65,4.59,5.25,20.01.2012
Toronto Maple Leafs - Minnesota Wild,4:1,2,4.15,3.5,20.01.2012
Winnipeg Jets - Buffalo Sabres,4:1,2.15,4.09,3.1,20.01.2012
Anaheim Ducks - Arizona Coyotes,6:2,2.25,4.05,2.85,19.01.2012
Chicago Blackhawks - Buffalo Sabres,6:2,1.72,4.5,4.4,19.01.2012
Colorado Avalanche - Florida Panthers,4:3 ET,2.4,4,2.75,19.01.2012
Montreal Canadiens - Washington Capitals,0:3,2.35,4.05,3,19.01.2012
Columbus Blue Jackets - Edmonton Oilers,4:2,2.38,4.05,2.8,18.01.2012
Dallas Stars - Detroit Red Wings,2:3 pen.,3.25,4.2,2,18.01.2012
New Jersey Devils - Winnipeg Jets,5:1,1.9,4.25,3.6,18.01.2012
New York Rangers - Nashville Predators,3:0,1.95,4.15,3.75,18.01.2012
Philadelphia Flyers - Minnesota Wild,5:1,1.8,4.3,3.9,18.01.2012
Pittsburgh Penguins - Carolina Hurricanes,2:1 pen.,1.8,4.5,4.09,18.01.2012
San Jose Sharks - Calgary Flames,2:1 pen.,1.82,4.4,3.8,18.01.2012
Tampa Bay Lightning - Boston Bruins,5:3,3.55,4.5,1.9,18.01.2012
Toronto Maple Leafs - Ottawa Senators,2:3,2.29,4.05,3,18.01.2012
Vancouver Canucks - Los Angeles Kings,2:3 pen.,1.95,4.25,3.6,18.01.2012
Washington Capitals - New York Islanders,0:3,1.86,4.3,3.8,18.01.2012
Detroit Red Wings - Buffalo Sabres,5:0,1.72,4.59,4.5,17.01.2012
Florida Panthers - Boston Bruins,2:3 pen.,3.5,4.3,1.92,17.01.2012
Ottawa Senators - Winnipeg Jets,0:2,1.9,4.25,3.6,17.01.2012
St.Louis Blues - Dallas Stars,1:0,1.87,4.3,3.79,17.01.2012
Arizona Coyotes - Colorado Avalanche,6:1,2.15,4.09,3,16.01.2012
Chicago Blackhawks - San Jose Sharks,4:3,2.29,4.05,2.75,16.01.2012
Edmonton Oilers - Los Angeles Kings,2:1 ET,3.1,4.05,2.29,16.01.2012
Montreal Canadiens - New York Rangers,4:1,2.9,4.05,2.29,16.01.2012
New York Islanders - Nashville Predators,1:3,2.7,4,2.35,16.01.2012
Vancouver Canucks - Anaheim Ducks,2:4,1.71,4.59,4.34,16.01.2012
Washington Capitals - Carolina Hurricanes,2:1,1.8,4.4,4.13,16.01.2012
Calgary Flames - Los Angeles Kings,1:4,2.54,4,2.6,15.01.2012
Carolina Hurricanes - Boston Bruins,4:2,3.9,4.4,1.8,15.01.2012
Columbus Blue Jackets - San Jose Sharks,1:2,3.8,4.45,1.85,15.01.2012
Montreal Canadiens - Ottawa Senators,2:3 pen.,2.5,4,2.64,15.01.2012
Nashville Predators - Philadelphia Flyers,4:2,2.54,4,2.5,15.01.2012
New York Islanders - Buffalo Sabres,4:2,2.35,4.05,2.89,15.01.2012
St.Louis Blues - Minnesota Wild,3:2 pen.,1.83,4.3,4,15.01.2012
Tampa Bay Lightning - Pittsburgh Penguins,3:6,3,4.05,2.29,15.01.2012
Toronto Maple Leafs - New York Rangers,0:3,3,4.05,2.25,15.01.2012
Buffalo Sabres - Toronto Maple Leafs,3:2,2.4,4,2.7,14.01.2012
Columbus Blue Jackets - Arizona Coyotes,4:3,2.7,4,2.45,14.01.2012
Dallas Stars - Colorado Avalanche,1:2,2.1,4.09,3.1,14.01.2012
Detroit Red Wings - Chicago Blackhawks,3:2 ET,2.1,4.09,3.05,14.01.2012
Edmonton Oilers - Anaheim Ducks,0:5,2.29,4.05,2.8,14.01.2012
Florida Panthers - Pittsburgh Penguins,1:4,2.45,4,2.65,14.01.2012
Washington Capitals - Tampa Bay Lightning,4:3,1.85,4.4,3.95,14.01.2012
Winnipeg Jets - New Jersey Devils,1:2,2.54,4,2.5,14.01.2012
Boston Bruins - Montreal Canadiens,2:1,1.65,4.59,4.59,13.01.2012
Calgary Flames - Anaheim Ducks,1:0 ET,2.29,4.09,3,13.01.2012
Chicago Blackhawks - Minnesota Wild,5:2,1.85,4.33,3.85,13.01.2012
Detroit Red Wings - Arizona Coyotes,3:2 pen.,1.8,4.4,4.05,13.01.2012
Los Angeles Kings - Dallas Stars,4:5 pen.,2.1,4.09,3.25,13.01.2012
Nashville Predators - Colorado Avalanche,3:2 ET,2,4.15,3.5,13.01.2012
New York Islanders - Philadelphia Flyers,2:3,3.2,4.25,2.04,13.01.2012
New York Rangers - Ottawa Senators,0:3,1.95,4.25,3.6,13.01.2012
St.Louis Blues - Vancouver Canucks,2:3 ET,2.45,4.05,2.7,13.01.2012
Tampa Bay Lightning - Carolina Hurricanes,2:5,1.95,4.15,3.5,13.01.2012
Winnipeg Jets - San Jose Sharks,0:2,3.2,4.09,2.04,13.01.2012
Edmonton Oilers - New Jersey Devils,1:2 ET,2.64,4,2.5,12.01.2012
Washington Capitals - Pittsburgh Penguins,1:0,2.15,4.05,3,12.01.2012
Anaheim Ducks - Dallas Stars,5:2,2.64,4,2.54,11.01.2012
Boston Bruins - Winnipeg Jets,5:3,1.65,4.75,4.9,11.01.2012
Calgary Flames - New Jersey Devils,6:3,2.54,4,2.54,11.01.2012
Carolina Hurricanes - Philadelphia Flyers,1:2,3.4,4.33,1.95,11.01.2012
Chicago Blackhawks - Columbus Blue Jackets,5:2,1.65,4.7,5.09,11.01.2012
Colorado Avalanche - Nashville Predators,1:4,2.7,4,2.54,11.01.2012
Minnesota Wild - San Jose Sharks,5:4 pen.,3.29,4.15,2.15,11.01.2012
Montreal Canadiens - St.Louis Blues,0:3,2.64,4,2.45,11.01.2012
New York Islanders - Detroit Red Wings,5:1,3.6,4.25,1.9,11.01.2012
New York Rangers - Arizona Coyotes,2:1 pen.,1.86,4.3,3.8,11.01.2012
Pittsburgh Penguins - Ottawa Senators,1:5,2.1,4.09,3.2,11.01.2012
Tampa Bay Lightning - Vancouver Canucks,4:5 pen.,3.2,4.2,2.1,11.01.2012
Toronto Maple Leafs - Buffalo Sabres,2:0,2.1,4.3,3.1,11.01.2012
Florida Panthers - Vancouver Canucks,2:1,3.75,4.34,2,10.01.2012
Los Angeles Kings - Washington Capitals,5:2,2.29,4.05,2.89,10.01.2012
Anaheim Ducks - Columbus Blue Jackets,7:4,2.04,4.2,3.5,09.01.2012
Chicago Blackhawks - Detroit Red Wings,2:3 ET,2.29,4.05,2.89,09.01.2012
Ottawa Senators - Philadelphia Flyers,6:4,2.64,4.09,2.5,09.01.2012
Arizona Coyotes - New York Islanders,5:1,2,4.2,3.35,08.01.2012
Buffalo Sabres - Winnipeg Jets,1:2 ET,2.25,4.09,2.9,08.01.2012
Calgary Flames - Minnesota Wild,3:1,2.45,4,2.65,08.01.2012
Montreal Canadiens - Tampa Bay Lightning,3:1,2.1,4.15,3.29,08.01.2012
Nashville Predators - Carolina Hurricanes,5:2,1.91,4.25,3.75,08.01.2012
Pittsburgh Penguins - New Jersey Devils,1:3,1.95,4.2,3.6,08.01.2012
San Jose Sharks - Washington Capitals,5:2,2.1,4.09,3.1,08.01.2012
St.Louis Blues - Colorado Avalanche,4:0,1.85,4.4,3.8,08.01.2012
Toronto Maple Leafs - Detroit Red Wings,4:3,3.1,4.09,2.1,08.01.2012
Anaheim Ducks - New York Islanders,4:2,2.29,4.09,2.79,07.01.2012
Boston Bruins - Vancouver Canucks,3:4,1.95,4.25,3.4,07.01.2012
Carolina Hurricanes - Buffalo Sabres,4:2,2.6,4.33,2.45,07.01.2012
Chicago Blackhawks - Colorado Avalanche,0:4,1.8,4.4,4.09,07.01.2012
Dallas Stars - Edmonton Oilers,4:1,2,4.2,3.4,07.01.2012
Los Angeles Kings - Columbus Blue Jackets,0:1,1.85,4.25,4,07.01.2012
New Jersey Devils - Florida Panthers,5:2,2.15,4.15,3.25,07.01.2012
Philadelphia Flyers - Ottawa Senators,3:2 ET,1.9,4.5,3.5,07.01.2012
Pittsburgh Penguins - New York Rangers,1:3,2.29,4.05,2.9,07.01.2012
Boston Bruins - Calgary Flames,9:0,1.65,4.84,5.09,06.01.2012
Los Angeles Kings - Arizona Coyotes,1:0 ET,2.06,4.09,3.25,06.01.2012
Nashville Predators - Dallas Stars,1:4,2.17,4,3,06.01.2012
New York Rangers - Florida Panthers,3:2 ET,1.95,4.2,3.9,06.01.2012
Ottawa Senators - Tampa Bay Lightning,4:1,2.2,4.33,3,06.01.2012
Philadelphia Flyers - Chicago Blackhawks,5:4,2.5,4,2.6,06.01.2012
San Jose Sharks - Columbus Blue Jackets,2:1,1.74,4.59,4.5,06.01.2012
St.Louis Blues - Edmonton Oilers,4:3,1.8,4.5,4.09,06.01.2012
Toronto Maple Leafs - Winnipeg Jets,4:0,2.1,4.33,3.29,06.01.2012
Anaheim Ducks - San Jose Sharks,1:3,3.2,4.09,2.04,05.01.2012
Montreal Canadiens - Winnipeg Jets,7:3,2.25,4.05,2.9,05.01.2012
New Jersey Devils - Boston Bruins,1:6,3.4,4.15,2.04,05.01.2012
Vancouver Canucks - Minnesota Wild,3:0,1.75,4.4,4.4,05.01.2012
Buffalo Sabres - Edmonton Oilers,4:3,1.95,4.2,3.4,04.01.2012
Carolina Hurricanes - New York Islanders,3:4 pen.,2.29,4.09,2.9,04.01.2012
Dallas Stars - Detroit Red Wings,4:5,3.25,4.15,2.1,04.01.2012
St.Louis Blues - Arizona Coyotes,4:1,2.04,4.2,3.5,04.01.2012
Toronto Maple Leafs - Tampa Bay Lightning,7:3,2.29,4.09,3,04.01.2012
Washington Capitals - Calgary Flames,3:1,1.91,4.3,3.6,04.01.2012
Chicago Blackhawks - Edmonton Oilers,3:4,1.65,4.59,4.5,03.01.2012
Los Angeles Kings - Colorado Avalanche,1:2 pen.,2,4.2,3.5,03.01.2012
Ottawa Senators - New Jersey Devils,3:2 ET,2.5,4.09,2.8,03.01.2012
Vancouver Canucks - San Jose Sharks,2:3 pen.,2.04,4.25,3.2,03.01.2012
Nashville Predators - Calgary Flames,5:3,2.31,4.05,2.89,02.01.2012
Philadelphia Flyers - New York Rangers,2:3,2.2,4,2.9,02.01.2012
Anaheim Ducks - Colorado Avalanche,2:4,2.29,4.09,3,01.01.2012
Buffalo Sabres - Ottawa Senators,2:3 pen.,2.39,4.09,2.95,01.01.2012
Columbus Blue Jackets - Washington Capitals,2:4,2.9,4.05,2.29,01.01.2012
Dallas Stars - Boston Bruins,4:2,3.6,4.09,1.95,01.01.2012
Detroit Red Wings - St.Louis Blues,3:0,2.04,4.2,3.3,01.01.2012
Florida Panthers - Montreal Canadiens,3:2,2.64,4,2.85,01.01.2012
Los Angeles Kings - Vancouver Canucks,4:1,2.89,4.05,2.25,01.01.2012
Minnesota Wild - Arizona Coyotes,2:4,2.29,4.05,2.9,01.01.2012
Tampa Bay Lightning - Carolina Hurricanes,5:2,2.04,4.2,3.2,01.01.2012
Winnipeg Jets - Toronto Maple Leafs,3:2,2.25,4.05,2.89,01.01.2012
Chicago Blackhawks - Detroit Red Wings,3:2,2.4,4,2.8,31.12.2011
Florida Panthers - New York Rangers,1:4,3.1,4.05,2.29,31.12.2011
New Jersey Devils - Pittsburgh Penguins,3:1,2.89,4.05,2.29,31.12.2011
New York Islanders - Edmonton Oilers,4:1,2.4,4.05,2.8,31.12.2011
Ottawa Senators - Calgary Flames,4:3 ET,2.2,4.09,3.2,31.12.2011
St.Louis Blues - Nashville Predators,1:2 pen.,1.95,4.2,3.7,31.12.2011
Washington Capitals - Buffalo Sabres,3:1,2,4.25,3.4,31.12.2011
Anaheim Ducks - Vancouver Canucks,2:5,3.23,4.3,2.04,30.12.2011
Carolina Hurricanes - Toronto Maple Leafs,4:3 ET,2.64,4.2,2.45,30.12.2011
Colorado Avalanche - Arizona Coyotes,3:2,2.25,4.05,2.85,30.12.2011
Dallas Stars - Columbus Blue Jackets,1:4,1.95,4.3,3.4,30.12.2011
Minnesota Wild - Edmonton Oilers,4:3,2.2,4.05,3.1,30.12.2011
New York Islanders - Calgary Flames,3:1,2.65,4,2.39,30.12.2011
Pittsburgh Penguins - Philadelphia Flyers,2:4,2.25,4.09,2.9,30.12.2011
Tampa Bay Lightning - Montreal Canadiens,4:3,2.6,4,2.6,30.12.2011
Winnipeg Jets - Los Angeles Kings,1:0 ET,2.35,4,2.79,30.12.2011
Arizona Coyotes - Boston Bruins,1:2 ET,3.75,4.33,1.94,29.12.2011
Chicago Blackhawks - Los Angeles Kings,0:2,1.9,4.4,3.75,29.12.2011
Nashville Predators - Minnesota Wild,2:1 pen.,2.39,4.05,2.8,29.12.2011
New Jersey Devils - Buffalo Sabres,3:1,2.39,4.15,2.9,29.12.2011
San Jose Sharks - Vancouver Canucks,2:3 ET,2.39,4,2.65,29.12.2011
Washington Capitals - New York Rangers,4:1,2.5,4,2.56,29.12.2011
Colorado Avalanche - Winnipeg Jets,1:4,2.4,4.09,2.65,28.12.2011
Columbus Blue Jackets - Calgary Flames,1:2 pen.,2.7,4.05,2.35,28.12.2011
Detroit Red Wings - St.Louis Blues,3:2,2,4.2,3.7,28.12.2011
Florida Panthers - Toronto Maple Leafs,5:3,2.29,4.25,2.8,28.12.2011
Ottawa Senators - Montreal Canadiens,2:6,2.29,4.25,2.75,28.12.2011
Pittsburgh Penguins - Carolina Hurricanes,4:2,1.7,4.65,4.59,28.12.2011
Tampa Bay Lightning - Philadelphia Flyers,5:1,3.25,4.2,2.04,28.12.2011
Buffalo Sabres - Washington Capitals,4:2,2.5,4.05,2.64,27.12.2011
Carolina Hurricanes - New Jersey Devils,4:2,2.64,4,2.45,27.12.2011
Chicago Blackhawks - Columbus Blue Jackets,4:1,1.65,5,4.65,27.12.2011
Los Angeles Kings - Arizona Coyotes,4:3,2.15,4.05,3.29,27.12.2011
Minnesota Wild - Colorado Avalanche,2:4,2.2,4.2,3.2,27.12.2011
Nashville Predators - Detroit Red Wings,1:4,3.2,4.09,2.25,27.12.2011
New York Rangers - New York Islanders,3:0,1.75,4.5,4.2,27.12.2011
San Jose Sharks - Anaheim Ducks,2:3,1.75,4.59,4.4,27.12.2011
St.Louis Blues - Dallas Stars,5:3,2,4.2,3.75,27.12.2011
Vancouver Canucks - Edmonton Oilers,5:3,1.7,4.5,4.4,27.12.2011
Arizona Coyotes - St.Louis Blues,2:3,2.79,4.05,2.45,24.12.2011
Boston Bruins - Florida Panthers,8:0,1.75,4.75,5.25,24.12.2011
Carolina Hurricanes - Ottawa Senators,2:1 ET,2.35,4.09,2.64,24.12.2011
Colorado Avalanche - Tampa Bay Lightning,2:1 ET,2.25,4.2,2.89,24.12.2011
Dallas Stars - Nashville Predators,6:3,2.29,4.05,2.89,24.12.2011
New Jersey Devils - Washington Capitals,4:3 pen.,2.64,4,2.45,24.12.2011
New York Islanders - Toronto Maple Leafs,3:5,2.6,4.09,2.6,24.12.2011
New York Rangers - Philadelphia Flyers,4:2,2.6,4.05,2.45,24.12.2011
San Jose Sharks - Los Angeles Kings,2:1 pen.,1.85,4.4,4,24.12.2011
Vancouver Canucks - Calgary Flames,1:3,1.67,4.75,5.25,24.12.2011
Winnipeg Jets - Pittsburgh Penguins,1:4,3.1,4.09,2.29,24.12.2011
Calgary Flames - Detroit Red Wings,3:2,3,4.05,2.25,23.12.2011
Edmonton Oilers - Minnesota Wild,4:1,2.35,4.05,2.8,23.12.2011
Los Angeles Kings - Anaheim Ducks,3:2 pen.,1.95,4.25,3.75,23.12.2011
Nashville Predators - Columbus Blue Jackets,6:5,1.95,4.25,3.6,23.12.2011
New York Rangers - New York Islanders,4:2,1.87,4.34,3.8,23.12.2011
Ottawa Senators - Florida Panthers,4:3 ET,2.4,4.05,2.7,23.12.2011
Toronto Maple Leafs - Buffalo Sabres,3:2,2.15,4.33,3,23.12.2011
Winnipeg Jets - Montreal Canadiens,4:0,2.2,4.33,3.1,23.12.2011
Carolina Hurricanes - Arizona Coyotes,3:4,2.54,4,2.6,22.12.2011
Chicago Blackhawks - Montreal Canadiens,5:1,1.9,4.33,3.6,22.12.2011
Colorado Avalanche - St.Louis Blues,3:2,3.1,4.09,2.29,22.12.2011
Dallas Stars - Philadelphia Flyers,1:4,3,4.05,2.45,22.12.2011
San Jose Sharks - Tampa Bay Lightning,7:2,1.85,4.34,3.75,22.12.2011
Vancouver Canucks - Detroit Red Wings,4:2,2.35,4,2.79,22.12.2011
Calgary Flames - Minnesota Wild,2:1,2.2,4.05,3.2,21.12.2011
Florida Panthers - Arizona Coyotes,1:2,2.35,4.05,2.85,21.12.2011
New Jersey Devils - New York Rangers,1:4,2.75,4.05,2.65,21.12.2011
Ottawa Senators - Buffalo Sabres,4:1,2.35,4.05,2.65,21.12.2011
Pittsburgh Penguins - Chicago Blackhawks,3:2,2.54,4,2.5,21.12.2011
Washington Capitals - Nashville Predators,4:1,2.2,4.05,3,21.12.2011
Winnipeg Jets - New York Islanders,2:3 pen.,2,4.2,3.2,21.12.2011
Boston Bruins - Montreal Canadiens,3:2,1.8,4.34,4.16,20.12.2011
Colorado Avalanche - Philadelphia Flyers,3:2 pen.,2.85,4.09,2.25,20.12.2011
Dallas Stars - Anaheim Ducks,5:3,2.1,4.09,3.1,20.12.2011
Edmonton Oilers - Detroit Red Wings,2:3,3.39,4.2,2,20.12.2011
Toronto Maple Leafs - Los Angeles Kings,2:3 pen.,2.4,4.05,2.7,20.12.2011
Vancouver Canucks - Minnesota Wild,4:0,1.85,4.25,4,20.12.2011
Chicago Blackhawks - Calgary Flames,4:2,1.87,4.3,3.7,19.12.2011
Florida Panthers - Carolina Hurricanes,3:2 ET,1.95,4.25,3.5,19.12.2011
St.Louis Blues - Columbus Blue Jackets,6:4,1.85,4.25,4,19.12.2011
Arizona Coyotes - New York Rangers,2:3,2.54,4,2.65,18.12.2011
Colorado Avalanche - Washington Capitals,2:1,2.79,4.09,2.25,18.12.2011
Columbus Blue Jackets - Tampa Bay Lightning,2:3,2.4,4.09,2.64,18.12.2011
Detroit Red Wings - Los Angeles Kings,8:2,1.9,4.2,3.56,18.12.2011
Minnesota Wild - New York Islanders,1:2 pen.,2.1,4.2,3.31,18.12.2011
Montreal Canadiens - New Jersey Devils,3:5,2.15,4.09,3.1,18.12.2011
Nashville Predators - St.Louis Blues,2:1 pen.,2.64,4,2.5,18.12.2011
Pittsburgh Penguins - Buffalo Sabres,8:3,2.04,4.09,3.2,18.12.2011
San Jose Sharks - Edmonton Oilers,3:2,1.83,4.33,4,18.12.2011
Toronto Maple Leafs - Vancouver Canucks,3:5,3.29,4.2,2.15,18.12.2011
Winnipeg Jets - Anaheim Ducks,5:3,2.1,4.09,3.1,18.12.2011
Buffalo Sabres - Toronto Maple Leafs,5:4,2.29,4.2,2.85,17.12.2011
Chicago Blackhawks - Anaheim Ducks,4:1,1.8,4.5,3.85,17.12.2011
Florida Panthers - Calgary Flames,3:2 pen.,2.04,4.09,3.39,17.12.2011
New Jersey Devils - Dallas Stars,6:3,2.2,4.09,3.25,17.12.2011
Ottawa Senators - Pittsburgh Penguins,6:4,3.1,4.09,2.15,17.12.2011
Philadelphia Flyers - Boston Bruins,0:6,2.89,4,2.5,17.12.2011
Arizona Coyotes - Edmonton Oilers,4:2,2.29,4.05,2.9,16.12.2011
Carolina Hurricanes - Vancouver Canucks,4:3,3.75,4.33,1.85,16.12.2011
Columbus Blue Jackets - Los Angeles Kings,1:2,2.85,4,2.35,16.12.2011
Montreal Canadiens - Philadelphia Flyers,3:4,2.65,4,2.5,16.12.2011
Nashville Predators - Detroit Red Wings,4:3,2.89,4.05,2.29,16.12.2011
New York Islanders - Dallas Stars,2:3,2.7,4.2,2.4,16.12.2011
San Jose Sharks - Colorado Avalanche,5:4,1.8,4.55,3.9,16.12.2011
St.Louis Blues - New York Rangers,4:1,2.29,4.05,3.1,16.12.2011
Tampa Bay Lightning - Calgary Flames,5:4 ET,2.35,4.05,2.8,16.12.2011
Winnipeg Jets - Washington Capitals,0:1,2.6,4,2.5,16.12.2011
Anaheim Ducks - Arizona Coyotes,4:1,2.64,4,2.45,15.12.2011
Minnesota Wild - Chicago Blackhawks,3:4 pen.,3.2,4.05,2.29,15.12.2011
Ottawa Senators - Boston Bruins,2:5,3.5,4.2,1.95,15.12.2011
Boston Bruins - Los Angeles Kings,3:0,2.1,4.2,3.4,14.12.2011
Buffalo Sabres - Ottawa Senators,2:3 ET,2.02,4.15,3.25,14.12.2011
Colorado Avalanche - San Jose Sharks,4:3 pen.,3.2,4.09,2.15,14.12.2011
Columbus Blue Jackets - Vancouver Canucks,2:1 pen.,3.8,4.4,1.9,14.12.2011
Florida Panthers - New Jersey Devils,2:3 pen.,2.1,4.09,3.39,14.12.2011
Montreal Canadiens - New York Islanders,5:3,2.04,4.2,3.2,14.12.2011
Nashville Predators - Calgary Flames,2:1,2.2,4.09,3.1,14.12.2011
New York Rangers - Dallas Stars,0:1,2,4.2,3.5,14.12.2011
Pittsburgh Penguins - Detroit Red Wings,1:4,2.7,4,2.5,14.12.2011
Toronto Maple Leafs - Carolina Hurricanes,2:1 ET,2.04,4.2,3.6,14.12.2011
Washington Capitals - Philadelphia Flyers,1:5,2.35,4.09,2.89,14.12.2011
Winnipeg Jets - Minnesota Wild,2:1,2.5,4,2.6,14.12.2011
Tampa Bay Lightning - New Jersey Devils,4:5,2.35,4.05,2.75,13.12.2011
Chicago Blackhawks - San Jose Sharks,3:2 ET,2.2,4.4,3,12.12.2011
New York Rangers - Florida Panthers,6:1,2.29,4.05,2.95,12.12.2011
Arizona Coyotes - Minnesota Wild,1:4,2.29,4.05,3.1,11.12.2011
Buffalo Sabres - New York Rangers,1:4,2.6,4,2.5,11.12.2011
Calgary Flames - Edmonton Oilers,3:0,2.2,4.09,3,11.12.2011
Columbus Blue Jackets - Boston Bruins,3:5,3.4,4.2,2,11.12.2011
Detroit Red Wings - Winnipeg Jets,7:1,1.75,4.5,4.2,11.12.2011
Los Angeles Kings - Dallas Stars,1:2,2.1,4.09,3.25,11.12.2011
Nashville Predators - Anaheim Ducks,3:2,1.95,4.2,3.4,11.12.2011
New York Islanders - Pittsburgh Penguins,3:6,2.85,4.09,2.25,11.12.2011
Ottawa Senators - Vancouver Canucks,1:4,3.6,4.2,2.04,11.12.2011
Philadelphia Flyers - Tampa Bay Lightning,5:2,1.86,4.4,3.65,11.12.2011
St.Louis Blues - San Jose Sharks,1:0,2.45,4,2.64,11.12.2011
Buffalo Sabres - Florida Panthers,2:1 ET,2.2,4.05,2.9,10.12.2011
Edmonton Oilers - Colorado Avalanche,4:1,2.2,4.15,3.4,10.12.2011
New Jersey Devils - Montreal Canadiens,1:2,2.64,4,2.71,10.12.2011
Washington Capitals - Toronto Maple Leafs,4:2,2,4.25,3.3,10.12.2011
Winnipeg Jets - Carolina Hurricanes,4:2,2.15,4.25,3.2,10.12.2011
Boston Bruins - Florida Panthers,0:2,1.85,4.3,3.75,09.12.2011
Calgary Flames - Colorado Avalanche,3:2,2.2,4.05,2.9,09.12.2011
Columbus Blue Jackets - Nashville Predators,3:4 ET,2.54,4,2.54,09.12.2011
Detroit Red Wings - Arizona Coyotes,5:2,2,4.15,3.4,09.12.2011
Los Angeles Kings - Minnesota Wild,2:4,2.1,4.09,3.25,09.12.2011
Montreal Canadiens - Vancouver Canucks,3:4 pen.,2.9,4.05,2.2,09.12.2011
New Jersey Devils - Ottawa Senators,5:4 pen.,2.15,4.05,3.1,09.12.2011
New York Islanders - Chicago Blackhawks,2:3 ET,3.29,4.15,2.1,09.12.2011
New York Rangers - Tampa Bay Lightning,2:3 pen.,1.95,4.25,3.5,09.12.2011
Philadelphia Flyers - Pittsburgh Penguins,3:2,2.31,4.05,2.7,09.12.2011
San Jose Sharks - Dallas Stars,5:2,1.82,4.3,3.8,09.12.2011
St.Louis Blues - Anaheim Ducks,4:2,1.95,4.25,3.65,09.12.2011
Buffalo Sabres - Philadelphia Flyers,4:5 ET,2.7,4,2.4,08.12.2011
Edmonton Oilers - Carolina Hurricanes,3:5,2,4.15,3.45,08.12.2011
Ottawa Senators - Washington Capitals,3:5,2.7,4,2.4,08.12.2011
Anaheim Ducks - Los Angeles Kings,3:2,2.79,4,2.4,07.12.2011
Calgary Flames - Carolina Hurricanes,7:6,2.25,4.09,2.95,07.12.2011
Montreal Canadiens - Columbus Blue Jackets,2:3 pen.,2.1,4.09,3.3,07.12.2011
Nashville Predators - Arizona Coyotes,2:3,2.15,4.05,3.29,07.12.2011
New York Islanders - Tampa Bay Lightning,5:1,2.4,4,2.6,07.12.2011
San Jose Sharks - Minnesota Wild,1:2,1.9,4.25,3.75,07.12.2011
St.Louis Blues - Detroit Red Wings,3:2,2.5,4,2.6,07.12.2011
Toronto Maple Leafs - New Jersey Devils,2:3 ET,2.45,4,2.7,07.12.2011
Vancouver Canucks - Colorado Avalanche,6:0,1.8,4.34,3.95,07.12.2011
Winnipeg Jets - Boston Bruins,2:1,3.1,4.25,2.15,07.12.2011
Chicago Blackhawks - Arizona Coyotes,3:4 pen.,2,4.15,3.4,06.12.2011
Florida Panthers - Washington Capitals,5:4,2.45,4,2.6,06.12.2011
New York Rangers - Toronto Maple Leafs,2:4,2.04,4.15,3.4,06.12.2011
Ottawa Senators - Tampa Bay Lightning,4:2,2.5,4,2.6,06.12.2011
Pittsburgh Penguins - Boston Bruins,1:3,2.54,4,2.65,06.12.2011
Anaheim Ducks - Minnesota Wild,3:5,2.45,4,2.73,05.12.2011
Colorado Avalanche - Detroit Red Wings,4:2,3.1,4.2,2.12,05.12.2011
Vancouver Canucks - Calgary Flames,5:1,1.75,4.5,4.25,05.12.2011
Arizona Coyotes - Philadelphia Flyers,2:4,2.4,4,2.89,04.12.2011
Boston Bruins - Toronto Maple Leafs,4:1,1.8,4.34,3.85,04.12.2011
Carolina Hurricanes - Pittsburgh Penguins,2:3,3.2,4.09,2.1,04.12.2011
Dallas Stars - New York Islanders,4:5,2,4.15,3.35,04.12.2011
Edmonton Oilers - Calgary Flames,3:5,2.4,4,2.8,04.12.2011
Nashville Predators - Buffalo Sabres,2:3,2.25,4,2.9,04.12.2011
San Jose Sharks - Florida Panthers,3:5,1.9,4.25,3.6,04.12.2011
St.Louis Blues - Chicago Blackhawks,2:5,2.35,4,2.79,04.12.2011
Tampa Bay Lightning - New York Rangers,2:4,2.35,4,2.8,04.12.2011
Washington Capitals - Ottawa Senators,3:2 ET,2,4.2,3.4,04.12.2011
Winnipeg Jets - New Jersey Devils,4:2,2.35,4,2.9,04.12.2011
Anaheim Ducks - Philadelphia Flyers,3:4 ET,2.75,4.05,2.35,03.12.2011
Buffalo Sabres - Detroit Red Wings,1:4,3,4.05,2.4,03.12.2011
Chicago Blackhawks - New York Islanders,5:4 pen.,1.75,4.5,4.2,03.12.2011
Colorado Avalanche - St.Louis Blues,3:2 pen.,2.89,4,2.4,03.12.2011
Edmonton Oilers - Columbus Blue Jackets,6:3,2.09,4.05,3.39,03.12.2011
Los Angeles Kings - Montreal Canadiens,1:2,2.35,4,3,03.12.2011
Minnesota Wild - New Jersey Devils,4:2,2.39,4,2.75,03.12.2011
Calgary Flames - Columbus Blue Jackets,3:4 pen.,2.15,4.09,3.2,02.12.2011
Carolina Hurricanes - New York Rangers,3:5,2.79,4,2.35,02.12.2011
Dallas Stars - Ottawa Senators,3:2,2.29,4,2.85,02.12.2011
Los Angeles Kings - Florida Panthers,2:1,2.1,4.09,3.35,02.12.2011
San Jose Sharks - Montreal Canadiens,4:3 pen.,1.87,4.33,3.93,02.12.2011
Vancouver Canucks - Nashville Predators,5:6,2.04,4.15,3.52,02.12.2011
Washington Capitals - Pittsburgh Penguins,1:2,2.7,4,2.5,02.12.2011
Winnipeg Jets - Arizona Coyotes,1:0,2.7,4,2.45,02.12.2011
Anaheim Ducks - Montreal Canadiens,4:1,2.45,4,2.6,01.12.2011
Colorado Avalanche - New Jersey Devils,6:1,2.75,4,2.5,01.12.2011
Detroit Red Wings - Tampa Bay Lightning,4:2,1.9,4.4,3.65,01.12.2011
Edmonton Oilers - Minnesota Wild,2:3 pen.,2.45,4,2.8,01.12.2011
Toronto Maple Leafs - Boston Bruins,3:6,3.29,4.2,2.2,01.12.2011
Buffalo Sabres - New York Islanders,1:2,1.91,4.25,3.7,30.11.2011
Calgary Flames - Nashville Predators,1:0,2.45,4,2.89,30.11.2011
Carolina Hurricanes - Florida Panthers,1:3,2.5,4,2.7,30.11.2011
Chicago Blackhawks - Arizona Coyotes,1:4,2.1,4.09,3.2,30.11.2011
New York Rangers - Pittsburgh Penguins,4:3,2.79,4,2.45,30.11.2011
Vancouver Canucks - Columbus Blue Jackets,4:1,1.76,4.5,4.05,30.11.2011
Washington Capitals - St.Louis Blues,1:2,2.25,4.05,3.1,30.11.2011
Winnipeg Jets - Ottawa Senators,4:6,2.29,4.09,2.9,30.11.2011
Colorado Avalanche - Dallas Stars,1:3,2.25,4.05,2.89,29.11.2011
Edmonton Oilers - Nashville Predators,1:2,2.54,4,2.7,29.11.2011
Los Angeles Kings - San Jose Sharks,2:0,2.79,4,2.5,29.11.2011
Minnesota Wild - Tampa Bay Lightning,3:1,2.4,4,2.62,29.11.2011
Anaheim Ducks - Toronto Maple Leafs,2:5,2.45,4.05,2.65,28.11.2011
Columbus Blue Jackets - St.Louis Blues,1:2,2.7,4.05,2.35,28.11.2011
Minnesota Wild - Calgary Flames,2:5,2.25,4.05,3.1,28.11.2011
Ottawa Senators - Carolina Hurricanes,4:3,2.29,4.05,2.89,28.11.2011
Arizona Coyotes - Dallas Stars,3:0,2.15,4.09,3.1,27.11.2011
Boston Bruins - Winnipeg Jets,4:2,1.75,4.5,4.25,27.11.2011
Buffalo Sabres - Washington Capitals,5:1,2.6,4,2.54,27.11.2011
Colorado Avalanche - Edmonton Oilers,5:2,2.45,4,2.8,27.11.2011
Detroit Red Wings - Nashville Predators,4:1,2.15,4.2,3,27.11.2011
Los Angeles Kings - Chicago Blackhawks,1:2,2.29,4,2.75,27.11.2011
Montreal Canadiens - Pittsburgh Penguins,3:4 ET,3.25,4.09,2.25,27.11.2011
San Jose Sharks - Vancouver Canucks,2:3,2.15,4.09,3,27.11.2011
Tampa Bay Lightning - Florida Panthers,5:1,2.35,4.05,2.9,27.11.2011
Arizona Coyotes - Vancouver Canucks,0:5,2.6,4.09,2.45,26.11.2011
Carolina Hurricanes - Winnipeg Jets,1:3,2.25,4.15,2.89,26.11.2011
Columbus Blue Jackets - Buffalo Sabres,5:1,2.9,4.15,2.29,26.11.2011
Dallas Stars - Toronto Maple Leafs,3:4 pen.,2.29,4.15,2.8,26.11.2011
Florida Panthers - Tampa Bay Lightning,1:2 ET,2.25,4.2,2.89,26.11.2011
New Jersey Devils - New York Islanders,2:3,1.95,4.2,3.5,26.11.2011
New York Rangers - Philadelphia Flyers,2:0,2.4,4,2.89,26.11.2011
Pittsburgh Penguins - Ottawa Senators,6:3,1.75,4.45,4.2,26.11.2011
St.Louis Blues - Calgary Flames,2:0,2.04,4.25,3.3,26.11.2011
Anaheim Ducks - Chicago Blackhawks,5:6,2.9,4.2,2.29,25.11.2011
Boston Bruins - Detroit Red Wings,2:3 pen.,2.29,4.15,2.9,25.11.2011
Minnesota Wild - Edmonton Oilers,2:5,2.2,4.09,3.1,25.11.2011
New York Islanders - New Jersey Devils,0:1,2.79,4.09,2.4,25.11.2011
Philadelphia Flyers - Montreal Canadiens,3:1,2.2,4.3,3.4,25.11.2011
Washington Capitals - New York Rangers,3:6,2.2,4.2,3.1,25.11.2011
Arizona Coyotes - Anaheim Ducks,4:2,2.18,4.2,3.1,24.11.2011
Buffalo Sabres - Boston Bruins,3:4 pen.,2.7,4.09,2.36,24.11.2011
Carolina Hurricanes - Montreal Canadiens,3:4 pen.,2.75,4,2.65,24.11.2011
Colorado Avalanche - Vancouver Canucks,0:3,3.1,4.09,2.29,24.11.2011
Dallas Stars - Los Angeles Kings,3:2 ET,2.75,4,2.5,24.11.2011
Detroit Red Wings - Calgary Flames,5:3,1.91,4.34,3.6,24.11.2011
Florida Panthers - New York Rangers,2:1,2.54,4,2.6,24.11.2011
Minnesota Wild - Nashville Predators,3:2,2.5,4,2.7,24.11.2011
New Jersey Devils - Columbus Blue Jackets,2:1 pen.,2.04,4.2,3.6,24.11.2011
New York Islanders - Philadelphia Flyers,3:4 ET,3.2,4.33,2.04,24.11.2011
Pittsburgh Penguins - St.Louis Blues,2:3 ET,1.84,4.3,3.9,24.11.2011
San Jose Sharks - Chicago Blackhawks,1:0,2.2,4.2,3,24.11.2011
Washington Capitals - Winnipeg Jets,4:3 ET,1.83,4.4,3.9,24.11.2011
Nashville Predators - Edmonton Oilers,2:6,1.95,4.2,3.79,23.11.2011
St.Louis Blues - Los Angeles Kings,2:3,2.29,4.05,2.89,23.11.2011
Tampa Bay Lightning - Toronto Maple Leafs,1:7,2.1,4.25,3.39,23.11.2011
Columbus Blue Jackets - Calgary Flames,4:1,2.56,4.05,2.5,22.11.2011
Dallas Stars - Edmonton Oilers,4:1,2.25,4.09,3,22.11.2011
Florida Panthers - New Jersey Devils,4:3,2.4,4,2.89,22.11.2011
Montreal Canadiens - Boston Bruins,0:1,3,4.15,2.29,22.11.2011
Philadelphia Flyers - Carolina Hurricanes,2:4,1.8,4.5,4.25,22.11.2011
Pittsburgh Penguins - New York Islanders,5:0,1.75,4.45,4.59,22.11.2011
Washington Capitals - Arizona Coyotes,4:3,2.1,4.2,3.2,22.11.2011
Anaheim Ducks - Detroit Red Wings,2:4,2.65,4.2,2.4,21.11.2011
Carolina Hurricanes - Toronto Maple Leafs,3:2,2.15,4.3,3.1,21.11.2011
Colorado Avalanche - San Jose Sharks,1:4,2.85,4.2,2.25,21.11.2011
Vancouver Canucks - Ottawa Senators,2:1 ET,1.85,4.4,3.75,21.11.2011
Buffalo Sabres - Arizona Coyotes,2:4,2.29,4.2,2.8,20.11.2011
Dallas Stars - San Jose Sharks,1:4,3.2,4.2,2.29,20.11.2011
Edmonton Oilers - Chicago Blackhawks,9:2,3,4.2,2.29,20.11.2011
Florida Panthers - Pittsburgh Penguins,3:2,2.75,4.2,2.4,20.11.2011
Minnesota Wild - St.Louis Blues,3:2 pen.,2.75,4.2,2.54,20.11.2011
Montreal Canadiens - New York Rangers,4:0,2.54,4,2.65,20.11.2011
Nashville Predators - Columbus Blue Jackets,3:4 ET,1.83,4.4,3.9,20.11.2011
New York Islanders - Boston Bruins,0:6,3.2,4.3,2.06,20.11.2011
Tampa Bay Lightning - New Jersey Devils,2:4,2.29,4.2,2.85,20.11.2011
Toronto Maple Leafs - Washington Capitals,7:1,3.2,4.2,2.1,20.11.2011
Calgary Flames - Chicago Blackhawks,5:2,2.8,4.2,2.35,19.11.2011
Carolina Hurricanes - Buffalo Sabres,0:1,2.89,4.2,2.34,19.11.2011
Colorado Avalanche - Dallas Stars,3:0,2.7,4.2,2.46,19.11.2011
Los Angeles Kings - Detroit Red Wings,1:4,2.4,4.2,2.75,19.11.2011
Winnipeg Jets - Philadelphia Flyers,6:4,3.2,4.3,2.1,19.11.2011
Anaheim Ducks - Los Angeles Kings,3:5,2.75,4.2,2.5,18.11.2011
Boston Bruins - Columbus Blue Jackets,2:1 pen.,1.68,4.55,4.61,18.11.2011
Edmonton Oilers - Ottawa Senators,2:5,2.29,4.2,2.9,18.11.2011
Minnesota Wild - Colorado Avalanche,1:0,2.25,4.2,3,18.11.2011
New York Islanders - Montreal Canadiens,4:3,2.54,4.2,2.6,18.11.2011
Philadelphia Flyers - Arizona Coyotes,2:1,2.04,4.3,3.5,18.11.2011
San Jose Sharks - Detroit Red Wings,5:2,2.25,4.2,3,18.11.2011
St.Louis Blues - Florida Panthers,4:1,2.15,4.2,3.2,18.11.2011
Tampa Bay Lightning - Pittsburgh Penguins,4:1,2.65,4.2,2.45,18.11.2011
Toronto Maple Leafs - Nashville Predators,1:4,3.5,4.3,2,18.11.2011
Winnipeg Jets - Washington Capitals,4:1,3.3,4.3,2.1,18.11.2011
Buffalo Sabres - New Jersey Devils,3:5,1.95,4.3,3.5,17.11.2011
Los Angeles Kings - Anaheim Ducks,2:1 pen.,2.1,4.2,3.75,17.11.2011
Montreal Canadiens - Carolina Hurricanes,4:0,2.25,4.2,3,17.11.2011
Vancouver Canucks - Chicago Blackhawks,1:5,2.25,4.2,2.8,17.11.2011
Boston Bruins - New Jersey Devils,4:3,1.9,4.4,3.75,16.11.2011
Calgary Flames - Ottawa Senators,1:3,2.08,4.3,3.1,16.11.2011
Columbus Blue Jackets - Minnesota Wild,2:4,2.7,4.2,2.5,16.11.2011
Dallas Stars - Florida Panthers,0:6,2.2,4.2,3,16.11.2011
Nashville Predators - Washington Capitals,3:1,2.8,4.05,2.45,16.11.2011
New York Islanders - New York Rangers,2:4,2.9,4.2,2.35,16.11.2011
Pittsburgh Penguins - Colorado Avalanche,6:3,1.9,4.4,3.65,16.11.2011
St.Louis Blues - Detroit Red Wings,2:1,2.5,4.2,2.6,16.11.2011
Toronto Maple Leafs - Arizona Coyotes,2:3 pen.,2.6,4.2,2.54,16.11.2011
Carolina Hurricanes - Philadelphia Flyers,3:5,2.75,4.05,2.36,15.11.2011
Montreal Canadiens - Buffalo Sabres,2:3 pen.,2.75,4,2.48,15.11.2011
Winnipeg Jets - Tampa Bay Lightning,5:2,3.2,4.25,2.1,15.11.2011
Anaheim Ducks - Minnesota Wild,2:3,2.2,4.2,3.2,14.11.2011
Chicago Blackhawks - Edmonton Oilers,6:3,1.95,4.3,3.6,14.11.2011
Florida Panthers - Philadelphia Flyers,2:3,2.79,11.5,16,14.11.2011
Vancouver Canucks - New York Islanders,4:1,1.81,4.7,4.07,14.11.2011
Buffalo Sabres - Boston Bruins,2:6,3.15,4.2,2.15,13.11.2011
Carolina Hurricanes - Pittsburgh Penguins,5:3,2.9,4.2,2.29,13.11.2011
Colorado Avalanche - Calgary Flames,3:4,2.35,4.2,2.79,13.11.2011
Columbus Blue Jackets - Winnipeg Jets,2:1,2.4,4.2,2.7,13.11.2011
Detroit Red Wings - Dallas Stars,5:2,2.1,4.2,3.39,13.11.2011
Los Angeles Kings - Minnesota Wild,5:2,2.15,4.2,3.29,13.11.2011
Nashville Predators - Montreal Canadiens,1:2 ET,2.04,4.3,3.29,13.11.2011
San Jose Sharks - Arizona Coyotes,0:3,1.9,4.3,3.76,13.11.2011
St.Louis Blues - Tampa Bay Lightning,3:0,2.29,4.2,2.89,13.11.2011
Toronto Maple Leafs - Ottawa Senators,2:5,2.1,4.3,3.25,13.11.2011
Washington Capitals - New Jersey Devils,2:3 pen.,1.85,4.4,4,13.11.2011
Anaheim Ducks - Vancouver Canucks,4:3,2.69,4.2,2.4,12.11.2011
Buffalo Sabres - Ottawa Senators,5:1,1.9,4.4,3.75,12.11.2011
Chicago Blackhawks - Calgary Flames,4:1,2.04,4.3,3.3,12.11.2011
Detroit Red Wings - Edmonton Oilers,3:0,1.9,4.4,3.8,12.11.2011
New Jersey Devils - Washington Capitals,1:3,3,4.2,2.29,12.11.2011
New York Rangers - Carolina Hurricanes,5:1,2.1,4.3,3.25,12.11.2011
Pittsburgh Penguins - Dallas Stars,3:1,2.22,4.2,3,12.11.2011
Arizona Coyotes - Montreal Canadiens,2:3 ET,2.25,4.2,2.9,11.11.2011
Boston Bruins - Edmonton Oilers,6:3,1.93,4.33,3.65,11.11.2011
Colorado Avalanche - New York Islanders,4:3 ET,2.29,4.2,2.82,11.11.2011
Columbus Blue Jackets - Chicago Blackhawks,3:6,3.2,4.5,2.1,11.11.2011
Los Angeles Kings - Vancouver Canucks,2:3,2.54,4.2,2.6,11.11.2011
San Jose Sharks - Minnesota Wild,3:1,1.95,4.3,3.6,11.11.2011
St.Louis Blues - Toronto Maple Leafs,2:3 pen.,2,4.3,3.4,11.11.2011
Winnipeg Jets - Florida Panthers,2:5,2.64,4.33,2.5,11.11.2011
Anaheim Ducks - Nashville Predators,2:4,2.45,4.2,2.72,10.11.2011
Ottawa Senators - New York Rangers,2:3,2.79,4.2,2.45,10.11.2011
Tampa Bay Lightning - Philadelphia Flyers,2:1 ET,2.7,4.33,2.6,10.11.2011
Buffalo Sabres - Winnipeg Jets,6:5 ET,1.78,4.45,4.15,09.11.2011
Calgary Flames - Minnesota Wild,0:3,2.35,4.2,2.95,09.11.2011
Detroit Red Wings - Colorado Avalanche,5:2,1.97,4.3,3.39,09.11.2011
Los Angeles Kings - Nashville Predators,4:3,2.35,4.2,2.85,09.11.2011
Montreal Canadiens - Edmonton Oilers,1:3,2.25,4.2,3.1,09.11.2011
New Jersey Devils - Carolina Hurricanes,3:2,2.39,4.2,2.85,09.11.2011
St.Louis Blues - Chicago Blackhawks,3:0,2.6,4.2,2.48,09.11.2011
Toronto Maple Leafs - Florida Panthers,1:5,2.29,4.2,2.85,09.11.2011
Washington Capitals - Dallas Stars,2:5,2,4.33,3.35,09.11.2011
Boston Bruins - New York Islanders,6:2,1.82,4.4,3.8,08.11.2011
San Jose Sharks - Los Angeles Kings,4:2,2.25,4.2,3,08.11.2011
Chicago Blackhawks - Vancouver Canucks,2:6,2.29,4.33,2.85,07.11.2011
Colorado Avalanche - Calgary Flames,1:2,2.5,4.09,2.7,07.11.2011
Florida Panthers - Tampa Bay Lightning,3:4 pen.,2.5,4.05,2.54,07.11.2011
New York Rangers - Winnipeg Jets,3:0,1.95,4.34,3.75,07.11.2011
Arizona Coyotes - Edmonton Oilers,4:2,2.29,4.05,2.9,06.11.2011
Carolina Hurricanes - Dallas Stars,2:5,2.45,4.33,2.7,06.11.2011
Detroit Red Wings - Anaheim Ducks,5:0,2.06,4.2,3.25,06.11.2011
Los Angeles Kings - Pittsburgh Penguins,2:3 pen.,2.45,4,2.75,06.11.2011
Minnesota Wild - St.Louis Blues,2:1,2.4,4.05,2.8,06.11.2011
New Jersey Devils - Winnipeg Jets,3:2 ET,2.1,4.15,3.3,06.11.2011
New York Islanders - Washington Capitals,5:3,3,4.33,2.2,06.11.2011
New York Rangers - Montreal Canadiens,5:3,2.2,4.33,3.2,06.11.2011
Ottawa Senators - Buffalo Sabres,2:3 pen.,2.89,4.33,2.29,06.11.2011
Philadelphia Flyers - Columbus Blue Jackets,9:2,1.81,4.45,4,06.11.2011
San Jose Sharks - Nashville Predators,3:4 ET,2.04,4.33,3.3,06.11.2011
Toronto Maple Leafs - Boston Bruins,0:7,2.7,4,2.54,06.11.2011
Buffalo Sabres - Calgary Flames,2:1,1.95,4.34,3.75,05.11.2011
Carolina Hurricanes - Washington Capitals,1:5,2.9,4.33,2.29,05.11.2011
Dallas Stars - Colorado Avalanche,7:6 ET,2.38,4.05,2.85,05.11.2011
Ottawa Senators - Montreal Canadiens,1:2,2.65,4.05,2.54,05.11.2011
St.Louis Blues - Vancouver Canucks,3:2,2.6,4.05,2.5,05.11.2011
Tampa Bay Lightning - Chicago Blackhawks,5:4 ET,2.45,4.2,2.7,05.11.2011
Arizona Coyotes - Nashville Predators,0:3,2.64,4,2.54,04.11.2011
Columbus Blue Jackets - Toronto Maple Leafs,1:4,2.45,4.05,2.79,04.11.2011
Detroit Red Wings - Calgary Flames,1:4,1.87,4.4,3.55,04.11.2011
Florida Panthers - Chicago Blackhawks,2:3 pen.,2.9,4.15,2.25,04.11.2011
Los Angeles Kings - Edmonton Oilers,0:3,1.95,4.25,3.5,04.11.2011
Minnesota Wild - Vancouver Canucks,5:1,3.2,4.09,2.25,04.11.2011
New York Islanders - Winnipeg Jets,0:3,2.16,4.15,3,04.11.2011
New York Rangers - Anaheim Ducks,2:1 pen.,2.29,4.09,2.8,04.11.2011
Philadelphia Flyers - New Jersey Devils,3:4 pen.,2.04,4.15,3.4,04.11.2011
San Jose Sharks - Pittsburgh Penguins,4:3 pen.,2.2,4.09,3,04.11.2011
Buffalo Sabres - Philadelphia Flyers,2:3,2.29,4.09,2.89,03.11.2011
Colorado Avalanche - Arizona Coyotes,1:4,2.4,4.05,2.7,03.11.2011
New Jersey Devils - Toronto Maple Leafs,3:5,2.29,4.05,2.95,03.11.2011
Boston Bruins - Ottawa Senators,5:3,1.93,4.34,3.75,02.11.2011
Calgary Flames - Vancouver Canucks,1:5,2.89,4.2,2.35,02.11.2011
Carolina Hurricanes - Tampa Bay Lightning,4:2,2.5,4.2,2.56,02.11.2011
Detroit Red Wings - Minnesota Wild,1:2 ET,1.85,4.45,3.95,02.11.2011
Washington Capitals - Anaheim Ducks,5:4 ET,1.9,4.4,3.63,02.11.2011
Chicago Blackhawks - Nashville Predators,5:4 ET,2.04,4.15,3.5,01.11.2011
Florida Panthers - Winnipeg Jets,3:4 pen.,2.1,4.2,3.25,01.11.2011
New York Rangers - San Jose Sharks,5:2,2.8,4.09,2.35,01.11.2011
Colorado Avalanche - Los Angeles Kings,3:2,2.75,4,2.5,31.10.2011
Columbus Blue Jackets - Anaheim Ducks,3:1,2.79,4,2.35,31.10.2011
Edmonton Oilers - St.Louis Blues,4:2,2.54,4.05,2.54,31.10.2011
Ottawa Senators - Toronto Maple Leafs,3:2,2.7,4.05,2.54,31.10.2011
Arizona Coyotes - Los Angeles Kings,3:2 ET,2.89,4.05,2.31,30.10.2011
Buffalo Sabres - Florida Panthers,2:3,1.9,4.34,3.7,30.10.2011
Chicago Blackhawks - Columbus Blue Jackets,5:2,1.8,4.45,3.9,30.10.2011
Dallas Stars - New Jersey Devils,3:1,2.29,4.05,2.89,30.10.2011
Minnesota Wild - Detroit Red Wings,1:0,3,4.2,2.25,30.10.2011
Montreal Canadiens - Boston Bruins,4:2,2.64,4,2.48,30.10.2011
Nashville Predators - Anaheim Ducks,3:0,2.46,4,2.75,30.10.2011
New York Islanders - San Jose Sharks,2:3 ET,2.9,4.33,2.25,30.10.2011
Philadelphia Flyers - Carolina Hurricanes,5:1,2,4.25,3.45,30.10.2011
Tampa Bay Lightning - Winnipeg Jets,1:0,1.95,4.4,3.4,30.10.2011
Toronto Maple Leafs - Pittsburgh Penguins,4:3,2.66,4.05,2.4,30.10.2011
Vancouver Canucks - Washington Capitals,7:4,2.4,4,2.64,30.10.2011
Calgary Flames - St.Louis Blues,3:1,2.4,4.33,2.7,29.10.2011
Carolina Hurricanes - Chicago Blackhawks,3:0,3,4.09,2.35,29.10.2011
Colorado Avalanche - Edmonton Oilers,1:3,2.04,4.25,3.39,29.10.2011
Detroit Red Wings - San Jose Sharks,2:4,2.29,4.2,2.8,29.10.2011
New York Rangers - Ottawa Senators,4:5 pen.,2,4.2,3.3,29.10.2011
Arizona Coyotes - New Jersey Devils,5:3,2.4,4.2,2.85,28.10.2011
Boston Bruins - Montreal Canadiens,1:2,1.86,4.4,3.75,28.10.2011
Buffalo Sabres - Columbus Blue Jackets,4:2,1.8,4.5,3.8,28.10.2011
Dallas Stars - Los Angeles Kings,3:5,2.75,4.2,2.5,28.10.2011
Edmonton Oilers - Washington Capitals,2:1,3.3,4.3,2.04,28.10.2011
Minnesota Wild - Anaheim Ducks,2:3,2.54,4.2,2.54,28.10.2011
Nashville Predators - Tampa Bay Lightning,5:3,2.5,4.2,2.54,28.10.2011
New York Rangers - Toronto Maple Leafs,2:4,2.15,4.3,3,28.10.2011
Ottawa Senators - Florida Panthers,4:3,2.48,4.2,2.6,28.10.2011
Philadelphia Flyers - Winnipeg Jets,8:9,1.9,4.5,3.8,28.10.2011
Pittsburgh Penguins - New York Islanders,3:2 pen.,1.9,4.4,3.75,28.10.2011
Calgary Flames - Colorado Avalanche,4:2,2.35,4.05,2.75,27.10.2011
Montreal Canadiens - Philadelphia Flyers,5:1,2.96,4.05,2.2,27.10.2011
Vancouver Canucks - St.Louis Blues,0:3,2,4.2,3.3,27.10.2011
Arizona Coyotes - Dallas Stars,2:3 pen.,2.45,4,2.7,26.10.2011
Buffalo Sabres - Tampa Bay Lightning,3:4,2.1,4.2,3.2,26.10.2011
Carolina Hurricanes - Ottawa Senators,2:3 pen.,1.95,4.2,3.7,26.10.2011
Chicago Blackhawks - Anaheim Ducks,3:2 pen.,2,4.2,3.4,26.10.2011
Columbus Blue Jackets - Detroit Red Wings,4:1,3.6,4.25,1.9,26.10.2011
Edmonton Oilers - Vancouver Canucks,3:2,3.2,4.09,2.15,26.10.2011
Los Angeles Kings - New Jersey Devils,0:3,1.95,4.2,3.5,26.10.2011
Nashville Predators - San Jose Sharks,1:3,3.1,4.05,2.29,26.10.2011
New York Islanders - Pittsburgh Penguins,0:3,2.8,4.05,2.39,26.10.2011
Montreal Canadiens - Florida Panthers,1:2,2.25,4.05,2.95,25.10.2011
Philadelphia Flyers - Toronto Maple Leafs,4:2,1.85,4.33,4,25.10.2011
Winnipeg Jets - New York Rangers,1:2,2.75,4,2.5,25.10.2011
Anaheim Ducks - Arizona Coyotes,4:5,2.04,4.2,3.3,24.10.2011
Boston Bruins - San Jose Sharks,2:4,2.25,4.05,3.05,23.10.2011
Chicago Blackhawks - Colorado Avalanche,4:5 pen.,1.85,4.33,3.75,23.10.2011
Edmonton Oilers - New York Rangers,2:0,3.1,4.05,2.29,23.10.2011
Florida Panthers - New York Islanders,4:2,2.29,4.05,2.7,23.10.2011
Los Angeles Kings - Dallas Stars,1:0,1.9,4.3,3.6,23.10.2011
Montreal Canadiens - Toronto Maple Leafs,4:5 ET,2.29,4.05,3,23.10.2011
Ottawa Senators - Columbus Blue Jackets,4:3,2.25,4.09,3,23.10.2011
Philadelphia Flyers - St.Louis Blues,2:4,1.9,4.5,3.75,23.10.2011
Pittsburgh Penguins - New Jersey Devils,4:1,2.04,4.09,3.39,23.10.2011
Tampa Bay Lightning - Buffalo Sabres,3:0,2.65,4.05,2.5,23.10.2011
Washington Capitals - Detroit Red Wings,7:1,2.2,4.09,3,23.10.2011
Winnipeg Jets - Carolina Hurricanes,5:3,2.5,4,2.54,23.10.2011
Anaheim Ducks - Dallas Stars,1:3,2.15,4.09,3.2,22.10.2011
Calgary Flames - Nashville Predators,0:2,2.25,4.05,3.05,22.10.2011
Detroit Red Wings - Columbus Blue Jackets,5:2,1.7,4.59,4.5,22.10.2011
New Jersey Devils - San Jose Sharks,3:4 pen.,2.89,4.09,2.4,22.10.2011
St.Louis Blues - Carolina Hurricanes,3:2 ET,2.29,4,2.8,22.10.2011
Vancouver Canucks - Minnesota Wild,3:2 ET,1.75,4.5,4,22.10.2011
Arizona Coyotes - Los Angeles Kings,0:2,3,4.05,2.29,21.10.2011
Boston Bruins - Toronto Maple Leafs,6:2,1.9,4.33,3.75,21.10.2011
Calgary Flames - New York Rangers,2:3 ET,2.45,4.33,2.7,21.10.2011
Colorado Avalanche - Chicago Blackhawks,1:3,3,4.05,2.29,21.10.2011
Edmonton Oilers - Minnesota Wild,1:2 pen.,2.54,4,2.75,21.10.2011
Florida Panthers - Buffalo Sabres,0:3,3.2,4.33,2.2,21.10.2011
Ottawa Senators - Winnipeg Jets,4:1,2.25,4.05,2.95,21.10.2011
Philadelphia Flyers - Washington Capitals,2:5,2.29,4.05,2.79,21.10.2011
Pittsburgh Penguins - Montreal Canadiens,3:1,2.29,4.33,2.95,21.10.2011
Tampa Bay Lightning - New York Islanders,4:1,2.2,4.33,3.1,21.10.2011
Vancouver Canucks - Nashville Predators,5:1,1.95,4.15,3.75,21.10.2011
Toronto Maple Leafs - Winnipeg Jets,4:3 pen.,2,4.25,3.6,20.10.2011
Arizona Coyotes - Chicago Blackhawks,2:5,2.95,4.33,2.29,19.10.2011
Boston Bruins - Carolina Hurricanes,1:4,2,4.3,3.4,19.10.2011
Calgary Flames - Edmonton Oilers,2:1,2,4.33,3.5,19.10.2011
Columbus Blue Jackets - Dallas Stars,2:3,2.65,4.2,2.45,19.10.2011
Los Angeles Kings - St.Louis Blues,5:0,2.15,4.2,3.05,19.10.2011
Minnesota Wild - Pittsburgh Penguins,2:4,2.4,4.2,2.89,19.10.2011
Montreal Canadiens - Buffalo Sabres,1:3,2.8,4.33,2.35,19.10.2011
Ottawa Senators - Philadelphia Flyers,2:7,3.3,4.33,2.04,19.10.2011
Vancouver Canucks - New York Rangers,0:4,1.9,4.33,3.6,19.10.2011
Washington Capitals - Florida Panthers,3:0,1.75,4.5,4.5,19.10.2011
Edmonton Oilers - Nashville Predators,3:1,2.89,4.05,2.35,18.10.2011
San Jose Sharks - Anaheim Ducks,2:3,1.95,4.2,3.75,18.10.2011
Tampa Bay Lightning - Florida Panthers,4:7,2.04,4.2,3.35,18.10.2011
Toronto Maple Leafs - Colorado Avalanche,2:3 ET,2.25,4.2,2.89,18.10.2011
Winnipeg Jets - Pittsburgh Penguins,2:1,3.1,4.09,2.29,18.10.2011
Anaheim Ducks - St.Louis Blues,4:2,2.25,4.33,3,17.10.2011
Arizona Coyotes - Winnipeg Jets,4:1,2.1,4.33,3.05,16.10.2011
Chicago Blackhawks - Boston Bruins,2:3 pen.,2.25,4.2,2.89,16.10.2011
Dallas Stars - Columbus Blue Jackets,4:2,2.1,4.09,3.25,16.10.2011
Edmonton Oilers - Vancouver Canucks,3:4,3.2,4.2,2.1,16.10.2011
Florida Panthers - Tampa Bay Lightning,3:2 pen.,2.65,4.33,2.5,16.10.2011
Minnesota Wild - Detroit Red Wings,2:3 ET,3.1,4.33,2.2,16.10.2011
Montreal Canadiens - Colorado Avalanche,5:6 pen.,2.29,4.2,2.85,16.10.2011
Nashville Predators - New Jersey Devils,2:3 pen.,2.29,4.05,2.89,16.10.2011
New York Islanders - New York Rangers,4:2,2.6,4.2,2.45,16.10.2011
Philadelphia Flyers - Los Angeles Kings,2:3 ET,2.29,4.09,3.05,16.10.2011
Pittsburgh Penguins - Buffalo Sabres,2:3,2.4,4.2,2.85,16.10.2011
San Jose Sharks - St.Louis Blues,2:4,2,4.33,3.4,16.10.2011
Toronto Maple Leafs - Calgary Flames,3:2,2.31,4.2,2.75,16.10.2011
Washington Capitals - Ottawa Senators,2:1,1.7,4.59,4.5,16.10.2011
Anaheim Ducks - San Jose Sharks,1:0,2.89,4.2,2.35,15.10.2011
Buffalo Sabres - Carolina Hurricanes,3:4,1.95,4.4,3.75,15.10.2011
Chicago Blackhawks - Winnipeg Jets,4:3,1.76,4.5,4,14.10.2011
Dallas Stars - St.Louis Blues,3:2,2.64,4.2,2.54,14.10.2011
Detroit Red Wings - Vancouver Canucks,2:0,2.12,4.5,3.1,14.10.2011
Minnesota Wild - Edmonton Oilers,2:1 pen.,2.04,4.33,3.25,14.10.2011
Montreal Canadiens - Calgary Flames,1:4,2.4,4.2,2.89,14.10.2011
Nashville Predators - Arizona Coyotes,2:5,2.15,4.2,3.1,14.10.2011
New Jersey Devils - Los Angeles Kings,2:1 pen.,2.64,4.2,2.5,14.10.2011
New York Islanders - Tampa Bay Lightning,5:1,2.75,,2.35,14.10.2011
Ottawa Senators - Colorado Avalanche,1:7,2.2,4.33,3,14.10.2011
Pittsburgh Penguins - Washington Capitals,2:3 ET,2.7,4.05,2.5,14.10.2011
Carolina Hurricanes - Boston Bruins,3:2,3,4.2,2.35,13.10.2011
Columbus Blue Jackets - Colorado Avalanche,2:3 pen.,2.2,4.2,3,13.10.2011
Philadelphia Flyers - Vancouver Canucks,5:4,2.29,4.2,3,13.10.2011
Ottawa Senators - Minnesota Wild,4:3 pen.,2.4,4.05,2.95,12.10.2011
Pittsburgh Penguins - Florida Panthers,4:2,2,4.33,3.4,12.10.2011
Columbus Blue Jackets - Vancouver Canucks,2:3,3.05,4.33,2.15,11.10.2011
Dallas Stars - Arizona Coyotes,2:1 pen.,2.29,4.2,2.8,11.10.2011
Washington Capitals - Tampa Bay Lightning,6:5 pen.,2.04,4.5,3.3,11.10.2011
Boston Bruins - Colorado Avalanche,0:1,1.74,4.59,4.33,10.10.2011
Edmonton Oilers - Pittsburgh Penguins,2:1 pen.,2.9,4.33,2.29,10.10.2011
New Jersey Devils - Carolina Hurricanes,4:2,2.35,4.2,2.9,10.10.2011
New York Islanders - Minnesota Wild,2:1,2.45,4.2,2.64,10.10.2011
St.Louis Blues - Calgary Flames,5:2,2.2,4.2,3,10.10.2011
Winnipeg Jets - Montreal Canadiens,1:5,2.45,4.2,2.7,10.10.2011
Boston Bruins - Tampa Bay Lightning,4:1,2.1,4.33,3.25,09.10.2011
Calgary Flames - Pittsburgh Penguins,3:5,2.54,4,2.5,09.10.2011
Chicago Blackhawks - Dallas Stars,5:2,1.9,4.5,3.6,09.10.2011
Colorado Avalanche - Detroit Red Wings,0:3,3.15,4.33,2.14,09.10.2011
Minnesota Wild - Columbus Blue Jackets,4:2,2.27,4.33,2.9,09.10.2011
New Jersey Devils - Philadelphia Flyers,0:3,2.64,4.2,2.45,09.10.2011
New York Islanders - Florida Panthers,0:2,2.4,4.2,2.89,09.10.2011
San Jose Sharks - Arizona Coyotes,6:3,1.9,4.33,3.75,09.10.2011
St.Louis Blues - Nashville Predators,2:4,2.29,4.2,3.1,09.10.2011
Toronto Maple Leafs - Ottawa Senators,6:5,2.04,4.33,3.25,09.10.2011
Washington Capitals - Carolina Hurricanes,4:3 ET,1.85,4.33,3.9,09.10.2011
Anaheim Ducks - New York Rangers,2:1 pen.,2.89,4.09,2.45,08.10.2011
Carolina Hurricanes - Tampa Bay Lightning,1:5,2.64,4.2,2.54,08.10.2011
Columbus Blue Jackets - Nashville Predators,2:3,2.5,4.09,2.64,08.10.2011
Dallas Stars - Chicago Blackhawks,2:1,2.79,4.2,2.45,08.10.2011
Detroit Red Wings - Ottawa Senators,5:3,1.75,4.4,4,08.10.2011
Los Angeles Kings - Buffalo Sabres,2:4,2.54,4.09,2.5,08.10.2011
Boston Bruins - Philadelphia Flyers,1:2,2.29,4.33,2.9,07.10.2011
Buffalo Sabres - Anaheim Ducks,4:1,2.4,4.2,2.89,07.10.2011
Los Angeles Kings - New York Rangers,3:2 ET,2.39,4.2,2.75,07.10.2011
Toronto Maple Leafs - Montreal Canadiens,2:0,2.5,4.2,2.6,07.10.2011
Vancouver Canucks - Pittsburgh Penguins,3:4 pen.,2.1,4.33,3.1,07.10.2011